":START_ID",":END_ID",":TYPE"
"jjaf231.001","ecco-2026","PRESENTED_AT"
"jjaf231.002","ecco-2026","PRESENTED_AT"
"jjaf231.003","ecco-2026","PRESENTED_AT"
"jjaf231.004","ecco-2026","PRESENTED_AT"
"jjaf231.005","ecco-2026","PRESENTED_AT"
"jjaf231.006","ecco-2026","PRESENTED_AT"
"jjaf231.007","ecco-2026","PRESENTED_AT"
"jjaf231.008","ecco-2026","PRESENTED_AT"
"jjaf231.009","ecco-2026","PRESENTED_AT"
"jjaf231.010","ecco-2026","PRESENTED_AT"
"jjaf231.011","ecco-2026","PRESENTED_AT"
"jjaf231.012","ecco-2026","PRESENTED_AT"
"jjaf231.013","ecco-2026","PRESENTED_AT"
"jjaf231.014","ecco-2026","PRESENTED_AT"
"jjaf231.015","ecco-2026","PRESENTED_AT"
"jjaf231.016","ecco-2026","PRESENTED_AT"
"jjaf231.017","ecco-2026","PRESENTED_AT"
"jjaf231.018","ecco-2026","PRESENTED_AT"
"jjaf231.019","ecco-2026","PRESENTED_AT"
"jjaf231.020","ecco-2026","PRESENTED_AT"
"jjaf231.021","ecco-2026","PRESENTED_AT"
"jjaf231.022","ecco-2026","PRESENTED_AT"
"jjaf231.023","ecco-2026","PRESENTED_AT"
"jjaf231.024","ecco-2026","PRESENTED_AT"
"jjaf231.025","ecco-2026","PRESENTED_AT"
"jjaf231.026","ecco-2026","PRESENTED_AT"
"jjaf231.027","ecco-2026","PRESENTED_AT"
"jjaf231.028","ecco-2026","PRESENTED_AT"
"jjaf231.029","ecco-2026","PRESENTED_AT"
"jjaf231.030","ecco-2026","PRESENTED_AT"
"jjaf231.031","ecco-2026","PRESENTED_AT"
"jjaf231.032","ecco-2026","PRESENTED_AT"
"jjaf231.033","ecco-2026","PRESENTED_AT"
"jjaf231.034","ecco-2026","PRESENTED_AT"
"jjaf231.035","ecco-2026","PRESENTED_AT"
"jjaf231.036","ecco-2026","PRESENTED_AT"
"jjaf231.037","ecco-2026","PRESENTED_AT"
"jjaf231.038","ecco-2026","PRESENTED_AT"
"jjaf231.039","ecco-2026","PRESENTED_AT"
"jjaf231.040","ecco-2026","PRESENTED_AT"
"jjaf231.041","ecco-2026","PRESENTED_AT"
"jjaf231.042","ecco-2026","PRESENTED_AT"
"jjaf231.043","ecco-2026","PRESENTED_AT"
"jjaf231.044","ecco-2026","PRESENTED_AT"
"jjaf231.045","ecco-2026","PRESENTED_AT"
"jjaf231.046","ecco-2026","PRESENTED_AT"
"jjaf231.047","ecco-2026","PRESENTED_AT"
"jjaf231.048","ecco-2026","PRESENTED_AT"
"jjaf231.049","ecco-2026","PRESENTED_AT"
"jjaf231.050","ecco-2026","PRESENTED_AT"
"jjaf231.052","ecco-2026","PRESENTED_AT"
"jjaf231.053","ecco-2026","PRESENTED_AT"
"jjaf231.055","ecco-2026","PRESENTED_AT"
"jjaf231.056","ecco-2026","PRESENTED_AT"
"jjaf231.057","ecco-2026","PRESENTED_AT"
"jjaf231.058","ecco-2026","PRESENTED_AT"
"jjaf231.059","ecco-2026","PRESENTED_AT"
"jjaf231.060","ecco-2026","PRESENTED_AT"
"jjaf231.061","ecco-2026","PRESENTED_AT"
"jjaf231.062","ecco-2026","PRESENTED_AT"
"jjaf231.063","ecco-2026","PRESENTED_AT"
"jjaf231.064","ecco-2026","PRESENTED_AT"
"jjaf231.065","ecco-2026","PRESENTED_AT"
"jjaf231.066","ecco-2026","PRESENTED_AT"
"jjaf231.067","ecco-2026","PRESENTED_AT"
"jjaf231.068","ecco-2026","PRESENTED_AT"
"jjaf231.069","ecco-2026","PRESENTED_AT"
"jjaf231.070","ecco-2026","PRESENTED_AT"
"jjaf231.071","ecco-2026","PRESENTED_AT"
"jjaf231.072","ecco-2026","PRESENTED_AT"
"jjaf231.073","ecco-2026","PRESENTED_AT"
"jjaf231.074","ecco-2026","PRESENTED_AT"
"jjaf231.075","ecco-2026","PRESENTED_AT"
"jjaf231.076","ecco-2026","PRESENTED_AT"
"jjaf231.077","ecco-2026","PRESENTED_AT"
"jjaf231.078","ecco-2026","PRESENTED_AT"
"jjaf231.079","ecco-2026","PRESENTED_AT"
"jjaf231.080","ecco-2026","PRESENTED_AT"
"jjaf231.081","ecco-2026","PRESENTED_AT"
"jjaf231.082","ecco-2026","PRESENTED_AT"
"jjaf231.083","ecco-2026","PRESENTED_AT"
"jjaf231.084","ecco-2026","PRESENTED_AT"
"jjaf231.085","ecco-2026","PRESENTED_AT"
"jjaf231.086","ecco-2026","PRESENTED_AT"
"jjaf231.087","ecco-2026","PRESENTED_AT"
"jjaf231.088","ecco-2026","PRESENTED_AT"
"jjaf231.089","ecco-2026","PRESENTED_AT"
"jjaf231.090","ecco-2026","PRESENTED_AT"
"jjaf231.091","ecco-2026","PRESENTED_AT"
"jjaf231.092","ecco-2026","PRESENTED_AT"
"jjaf231.093","ecco-2026","PRESENTED_AT"
"jjaf231.094","ecco-2026","PRESENTED_AT"
"jjaf231.095","ecco-2026","PRESENTED_AT"
"jjaf231.096","ecco-2026","PRESENTED_AT"
"jjaf231.097","ecco-2026","PRESENTED_AT"
"jjaf231.098","ecco-2026","PRESENTED_AT"
"jjaf231.099","ecco-2026","PRESENTED_AT"
"jjaf231.100","ecco-2026","PRESENTED_AT"
"jjaf231.101","ecco-2026","PRESENTED_AT"
"jjaf231.102","ecco-2026","PRESENTED_AT"
"jjaf231.103","ecco-2026","PRESENTED_AT"
"jjaf231.104","ecco-2026","PRESENTED_AT"
"jjaf231.105","ecco-2026","PRESENTED_AT"
"jjaf231.106","ecco-2026","PRESENTED_AT"
"jjaf231.107","ecco-2026","PRESENTED_AT"
"jjaf231.108","ecco-2026","PRESENTED_AT"
"jjaf231.109","ecco-2026","PRESENTED_AT"
"jjaf231.110","ecco-2026","PRESENTED_AT"
"jjaf231.111","ecco-2026","PRESENTED_AT"
"jjaf231.112","ecco-2026","PRESENTED_AT"
"jjaf231.113","ecco-2026","PRESENTED_AT"
"jjaf231.114","ecco-2026","PRESENTED_AT"
"jjaf231.115","ecco-2026","PRESENTED_AT"
"jjaf231.116","ecco-2026","PRESENTED_AT"
"jjaf231.117","ecco-2026","PRESENTED_AT"
"jjaf231.118","ecco-2026","PRESENTED_AT"
"jjaf231.119","ecco-2026","PRESENTED_AT"
"jjaf231.120","ecco-2026","PRESENTED_AT"
"jjaf231.121","ecco-2026","PRESENTED_AT"
"jjaf231.122","ecco-2026","PRESENTED_AT"
"jjaf231.123","ecco-2026","PRESENTED_AT"
"jjaf231.124","ecco-2026","PRESENTED_AT"
"jjaf231.125","ecco-2026","PRESENTED_AT"
"jjaf231.127","ecco-2026","PRESENTED_AT"
"jjaf231.128","ecco-2026","PRESENTED_AT"
"jjaf231.129","ecco-2026","PRESENTED_AT"
"jjaf231.130","ecco-2026","PRESENTED_AT"
"jjaf231.131","ecco-2026","PRESENTED_AT"
"jjaf231.132","ecco-2026","PRESENTED_AT"
"jjaf231.133","ecco-2026","PRESENTED_AT"
"jjaf231.134","ecco-2026","PRESENTED_AT"
"jjaf231.135","ecco-2026","PRESENTED_AT"
"jjaf231.136","ecco-2026","PRESENTED_AT"
"jjaf231.137","ecco-2026","PRESENTED_AT"
"jjaf231.138","ecco-2026","PRESENTED_AT"
"jjaf231.139","ecco-2026","PRESENTED_AT"
"jjaf231.140","ecco-2026","PRESENTED_AT"
"jjaf231.141","ecco-2026","PRESENTED_AT"
"jjaf231.142","ecco-2026","PRESENTED_AT"
"jjaf231.143","ecco-2026","PRESENTED_AT"
"jjaf231.144","ecco-2026","PRESENTED_AT"
"jjaf231.145","ecco-2026","PRESENTED_AT"
"jjaf231.146","ecco-2026","PRESENTED_AT"
"jjaf231.147","ecco-2026","PRESENTED_AT"
"jjaf231.148","ecco-2026","PRESENTED_AT"
"jjaf231.149","ecco-2026","PRESENTED_AT"
"jjaf231.150","ecco-2026","PRESENTED_AT"
"jjaf231.151","ecco-2026","PRESENTED_AT"
"jjaf231.152","ecco-2026","PRESENTED_AT"
"jjaf231.153","ecco-2026","PRESENTED_AT"
"jjaf231.154","ecco-2026","PRESENTED_AT"
"jjaf231.155","ecco-2026","PRESENTED_AT"
"jjaf231.156","ecco-2026","PRESENTED_AT"
"jjaf231.157","ecco-2026","PRESENTED_AT"
"jjaf231.158","ecco-2026","PRESENTED_AT"
"jjaf231.159","ecco-2026","PRESENTED_AT"
"jjaf231.160","ecco-2026","PRESENTED_AT"
"jjaf231.161","ecco-2026","PRESENTED_AT"
"jjaf231.162","ecco-2026","PRESENTED_AT"
"jjaf231.163","ecco-2026","PRESENTED_AT"
"jjaf231.164","ecco-2026","PRESENTED_AT"
"jjaf231.165","ecco-2026","PRESENTED_AT"
"jjaf231.166","ecco-2026","PRESENTED_AT"
"jjaf231.167","ecco-2026","PRESENTED_AT"
"jjaf231.169","ecco-2026","PRESENTED_AT"
"jjaf231.170","ecco-2026","PRESENTED_AT"
"jjaf231.171","ecco-2026","PRESENTED_AT"
"jjaf231.172","ecco-2026","PRESENTED_AT"
"jjaf231.173","ecco-2026","PRESENTED_AT"
"jjaf231.174","ecco-2026","PRESENTED_AT"
"jjaf231.175","ecco-2026","PRESENTED_AT"
"jjaf231.176","ecco-2026","PRESENTED_AT"
"jjaf231.177","ecco-2026","PRESENTED_AT"
"jjaf231.178","ecco-2026","PRESENTED_AT"
"jjaf231.179","ecco-2026","PRESENTED_AT"
"jjaf231.180","ecco-2026","PRESENTED_AT"
"jjaf231.181","ecco-2026","PRESENTED_AT"
"jjaf231.182","ecco-2026","PRESENTED_AT"
"jjaf231.183","ecco-2026","PRESENTED_AT"
"jjaf231.184","ecco-2026","PRESENTED_AT"
"jjaf231.185","ecco-2026","PRESENTED_AT"
"jjaf231.186","ecco-2026","PRESENTED_AT"
"jjaf231.187","ecco-2026","PRESENTED_AT"
"jjaf231.188","ecco-2026","PRESENTED_AT"
"jjaf231.189","ecco-2026","PRESENTED_AT"
"jjaf231.190","ecco-2026","PRESENTED_AT"
"jjaf231.191","ecco-2026","PRESENTED_AT"
"jjaf231.192","ecco-2026","PRESENTED_AT"
"jjaf231.193","ecco-2026","PRESENTED_AT"
"jjaf231.194","ecco-2026","PRESENTED_AT"
"jjaf231.195","ecco-2026","PRESENTED_AT"
"jjaf231.196","ecco-2026","PRESENTED_AT"
"jjaf231.197","ecco-2026","PRESENTED_AT"
"jjaf231.198","ecco-2026","PRESENTED_AT"
"jjaf231.199","ecco-2026","PRESENTED_AT"
"jjaf231.200","ecco-2026","PRESENTED_AT"
"jjaf231.201","ecco-2026","PRESENTED_AT"
"jjaf231.202","ecco-2026","PRESENTED_AT"
"jjaf231.203","ecco-2026","PRESENTED_AT"
"jjaf231.204","ecco-2026","PRESENTED_AT"
"jjaf231.205","ecco-2026","PRESENTED_AT"
"jjaf231.206","ecco-2026","PRESENTED_AT"
"jjaf231.207","ecco-2026","PRESENTED_AT"
"jjaf231.208","ecco-2026","PRESENTED_AT"
"jjaf231.209","ecco-2026","PRESENTED_AT"
"jjaf231.210","ecco-2026","PRESENTED_AT"
"jjaf231.211","ecco-2026","PRESENTED_AT"
"jjaf231.212","ecco-2026","PRESENTED_AT"
"jjaf231.213","ecco-2026","PRESENTED_AT"
"jjaf231.214","ecco-2026","PRESENTED_AT"
"jjaf231.215","ecco-2026","PRESENTED_AT"
"jjaf231.216","ecco-2026","PRESENTED_AT"
"jjaf231.217","ecco-2026","PRESENTED_AT"
"jjaf231.218","ecco-2026","PRESENTED_AT"
"jjaf231.219","ecco-2026","PRESENTED_AT"
"jjaf231.220","ecco-2026","PRESENTED_AT"
"jjaf231.221","ecco-2026","PRESENTED_AT"
"jjaf231.222","ecco-2026","PRESENTED_AT"
"jjaf231.223","ecco-2026","PRESENTED_AT"
"jjaf231.224","ecco-2026","PRESENTED_AT"
"jjaf231.225","ecco-2026","PRESENTED_AT"
"jjaf231.226","ecco-2026","PRESENTED_AT"
"jjaf231.227","ecco-2026","PRESENTED_AT"
"jjaf231.228","ecco-2026","PRESENTED_AT"
"jjaf231.229","ecco-2026","PRESENTED_AT"
"jjaf231.230","ecco-2026","PRESENTED_AT"
"jjaf231.231","ecco-2026","PRESENTED_AT"
"jjaf231.232","ecco-2026","PRESENTED_AT"
"jjaf231.233","ecco-2026","PRESENTED_AT"
"jjaf231.234","ecco-2026","PRESENTED_AT"
"jjaf231.235","ecco-2026","PRESENTED_AT"
"jjaf231.236","ecco-2026","PRESENTED_AT"
"jjaf231.237","ecco-2026","PRESENTED_AT"
"jjaf231.238","ecco-2026","PRESENTED_AT"
"jjaf231.239","ecco-2026","PRESENTED_AT"
"jjaf231.240","ecco-2026","PRESENTED_AT"
"jjaf231.241","ecco-2026","PRESENTED_AT"
"jjaf231.242","ecco-2026","PRESENTED_AT"
"jjaf231.243","ecco-2026","PRESENTED_AT"
"jjaf231.244","ecco-2026","PRESENTED_AT"
"jjaf231.245","ecco-2026","PRESENTED_AT"
"jjaf231.246","ecco-2026","PRESENTED_AT"
"jjaf231.247","ecco-2026","PRESENTED_AT"
"jjaf231.248","ecco-2026","PRESENTED_AT"
"jjaf231.249","ecco-2026","PRESENTED_AT"
"jjaf231.250","ecco-2026","PRESENTED_AT"
"jjaf231.251","ecco-2026","PRESENTED_AT"
"jjaf231.252","ecco-2026","PRESENTED_AT"
"jjaf231.253","ecco-2026","PRESENTED_AT"
"jjaf231.254","ecco-2026","PRESENTED_AT"
"jjaf231.255","ecco-2026","PRESENTED_AT"
"jjaf231.256","ecco-2026","PRESENTED_AT"
"jjaf231.258","ecco-2026","PRESENTED_AT"
"jjaf231.259","ecco-2026","PRESENTED_AT"
"jjaf231.260","ecco-2026","PRESENTED_AT"
"jjaf231.261","ecco-2026","PRESENTED_AT"
"jjaf231.262","ecco-2026","PRESENTED_AT"
"jjaf231.263","ecco-2026","PRESENTED_AT"
"jjaf231.264","ecco-2026","PRESENTED_AT"
"jjaf231.265","ecco-2026","PRESENTED_AT"
"jjaf231.266","ecco-2026","PRESENTED_AT"
"jjaf231.267","ecco-2026","PRESENTED_AT"
"jjaf231.268","ecco-2026","PRESENTED_AT"
"jjaf231.269","ecco-2026","PRESENTED_AT"
"jjaf231.270","ecco-2026","PRESENTED_AT"
"jjaf231.271","ecco-2026","PRESENTED_AT"
"jjaf231.272","ecco-2026","PRESENTED_AT"
"jjaf231.273","ecco-2026","PRESENTED_AT"
"jjaf231.274","ecco-2026","PRESENTED_AT"
"jjaf231.275","ecco-2026","PRESENTED_AT"
"jjaf231.276","ecco-2026","PRESENTED_AT"
"jjaf231.277","ecco-2026","PRESENTED_AT"
"jjaf231.278","ecco-2026","PRESENTED_AT"
"jjaf231.279","ecco-2026","PRESENTED_AT"
"jjaf231.280","ecco-2026","PRESENTED_AT"
"jjaf231.281","ecco-2026","PRESENTED_AT"
"jjaf231.282","ecco-2026","PRESENTED_AT"
"jjaf231.283","ecco-2026","PRESENTED_AT"
"jjaf231.284","ecco-2026","PRESENTED_AT"
"jjaf231.285","ecco-2026","PRESENTED_AT"
"jjaf231.286","ecco-2026","PRESENTED_AT"
"jjaf231.287","ecco-2026","PRESENTED_AT"
"jjaf231.288","ecco-2026","PRESENTED_AT"
"jjaf231.289","ecco-2026","PRESENTED_AT"
"jjaf231.290","ecco-2026","PRESENTED_AT"
"jjaf231.291","ecco-2026","PRESENTED_AT"
"jjaf231.292","ecco-2026","PRESENTED_AT"
"jjaf231.293","ecco-2026","PRESENTED_AT"
"jjaf231.294","ecco-2026","PRESENTED_AT"
"jjaf231.295","ecco-2026","PRESENTED_AT"
"jjaf231.296","ecco-2026","PRESENTED_AT"
"jjaf231.297","ecco-2026","PRESENTED_AT"
"jjaf231.298","ecco-2026","PRESENTED_AT"
"jjaf231.299","ecco-2026","PRESENTED_AT"
"jjaf231.300","ecco-2026","PRESENTED_AT"
"jjaf231.301","ecco-2026","PRESENTED_AT"
"jjaf231.302","ecco-2026","PRESENTED_AT"
"jjaf231.303","ecco-2026","PRESENTED_AT"
"jjaf231.304","ecco-2026","PRESENTED_AT"
"jjaf231.305","ecco-2026","PRESENTED_AT"
"jjaf231.306","ecco-2026","PRESENTED_AT"
"jjaf231.307","ecco-2026","PRESENTED_AT"
"jjaf231.308","ecco-2026","PRESENTED_AT"
"jjaf231.309","ecco-2026","PRESENTED_AT"
"jjaf231.310","ecco-2026","PRESENTED_AT"
"jjaf231.311","ecco-2026","PRESENTED_AT"
"jjaf231.312","ecco-2026","PRESENTED_AT"
"jjaf231.313","ecco-2026","PRESENTED_AT"
"jjaf231.314","ecco-2026","PRESENTED_AT"
"jjaf231.315","ecco-2026","PRESENTED_AT"
"jjaf231.316","ecco-2026","PRESENTED_AT"
"jjaf231.317","ecco-2026","PRESENTED_AT"
"jjaf231.318","ecco-2026","PRESENTED_AT"
"jjaf231.319","ecco-2026","PRESENTED_AT"
"jjaf231.320","ecco-2026","PRESENTED_AT"
"jjaf231.321","ecco-2026","PRESENTED_AT"
"jjaf231.322","ecco-2026","PRESENTED_AT"
"jjaf231.323","ecco-2026","PRESENTED_AT"
"jjaf231.324","ecco-2026","PRESENTED_AT"
"jjaf231.325","ecco-2026","PRESENTED_AT"
"jjaf231.326","ecco-2026","PRESENTED_AT"
"jjaf231.327","ecco-2026","PRESENTED_AT"
"jjaf231.328","ecco-2026","PRESENTED_AT"
"jjaf231.329","ecco-2026","PRESENTED_AT"
"jjaf231.330","ecco-2026","PRESENTED_AT"
"jjaf231.331","ecco-2026","PRESENTED_AT"
"jjaf231.332","ecco-2026","PRESENTED_AT"
"jjaf231.333","ecco-2026","PRESENTED_AT"
"jjaf231.334","ecco-2026","PRESENTED_AT"
"jjaf231.335","ecco-2026","PRESENTED_AT"
"jjaf231.336","ecco-2026","PRESENTED_AT"
"jjaf231.337","ecco-2026","PRESENTED_AT"
"jjaf231.338","ecco-2026","PRESENTED_AT"
"jjaf231.339","ecco-2026","PRESENTED_AT"
"jjaf231.340","ecco-2026","PRESENTED_AT"
"jjaf231.341","ecco-2026","PRESENTED_AT"
"jjaf231.342","ecco-2026","PRESENTED_AT"
"jjaf231.343","ecco-2026","PRESENTED_AT"
"jjaf231.344","ecco-2026","PRESENTED_AT"
"jjaf231.345","ecco-2026","PRESENTED_AT"
"jjaf231.346","ecco-2026","PRESENTED_AT"
"jjaf231.347","ecco-2026","PRESENTED_AT"
"jjaf231.348","ecco-2026","PRESENTED_AT"
"jjaf231.349","ecco-2026","PRESENTED_AT"
"jjaf231.350","ecco-2026","PRESENTED_AT"
"jjaf231.351","ecco-2026","PRESENTED_AT"
"jjaf231.352","ecco-2026","PRESENTED_AT"
"jjaf231.353","ecco-2026","PRESENTED_AT"
"jjaf231.354","ecco-2026","PRESENTED_AT"
"jjaf231.355","ecco-2026","PRESENTED_AT"
"jjaf231.356","ecco-2026","PRESENTED_AT"
"jjaf231.357","ecco-2026","PRESENTED_AT"
"jjaf231.358","ecco-2026","PRESENTED_AT"
"jjaf231.359","ecco-2026","PRESENTED_AT"
"jjaf231.360","ecco-2026","PRESENTED_AT"
"jjaf231.361","ecco-2026","PRESENTED_AT"
"jjaf231.362","ecco-2026","PRESENTED_AT"
"jjaf231.363","ecco-2026","PRESENTED_AT"
"jjaf231.364","ecco-2026","PRESENTED_AT"
"jjaf231.365","ecco-2026","PRESENTED_AT"
"jjaf231.366","ecco-2026","PRESENTED_AT"
"jjaf231.367","ecco-2026","PRESENTED_AT"
"jjaf231.368","ecco-2026","PRESENTED_AT"
"jjaf231.369","ecco-2026","PRESENTED_AT"
"jjaf231.370","ecco-2026","PRESENTED_AT"
"jjaf231.371","ecco-2026","PRESENTED_AT"
"jjaf231.372","ecco-2026","PRESENTED_AT"
"jjaf231.373","ecco-2026","PRESENTED_AT"
"jjaf231.374","ecco-2026","PRESENTED_AT"
"jjaf231.375","ecco-2026","PRESENTED_AT"
"jjaf231.376","ecco-2026","PRESENTED_AT"
"jjaf231.377","ecco-2026","PRESENTED_AT"
"jjaf231.378","ecco-2026","PRESENTED_AT"
"jjaf231.379","ecco-2026","PRESENTED_AT"
"jjaf231.380","ecco-2026","PRESENTED_AT"
"jjaf231.381","ecco-2026","PRESENTED_AT"
"jjaf231.382","ecco-2026","PRESENTED_AT"
"jjaf231.383","ecco-2026","PRESENTED_AT"
"jjaf231.384","ecco-2026","PRESENTED_AT"
"jjaf231.385","ecco-2026","PRESENTED_AT"
"jjaf231.386","ecco-2026","PRESENTED_AT"
"jjaf231.387","ecco-2026","PRESENTED_AT"
"jjaf231.388","ecco-2026","PRESENTED_AT"
"jjaf231.389","ecco-2026","PRESENTED_AT"
"jjaf231.390","ecco-2026","PRESENTED_AT"
"jjaf231.391","ecco-2026","PRESENTED_AT"
"jjaf231.392","ecco-2026","PRESENTED_AT"
"jjaf231.393","ecco-2026","PRESENTED_AT"
"jjaf231.394","ecco-2026","PRESENTED_AT"
"jjaf231.395","ecco-2026","PRESENTED_AT"
"jjaf231.396","ecco-2026","PRESENTED_AT"
"jjaf231.397","ecco-2026","PRESENTED_AT"
"jjaf231.398","ecco-2026","PRESENTED_AT"
"jjaf231.399","ecco-2026","PRESENTED_AT"
"jjaf231.400","ecco-2026","PRESENTED_AT"
"jjaf231.401","ecco-2026","PRESENTED_AT"
"jjaf231.402","ecco-2026","PRESENTED_AT"
"jjaf231.403","ecco-2026","PRESENTED_AT"
"jjaf231.404","ecco-2026","PRESENTED_AT"
"jjaf231.405","ecco-2026","PRESENTED_AT"
"jjaf231.406","ecco-2026","PRESENTED_AT"
"jjaf231.407","ecco-2026","PRESENTED_AT"
"jjaf231.408","ecco-2026","PRESENTED_AT"
"jjaf231.409","ecco-2026","PRESENTED_AT"
"jjaf231.410","ecco-2026","PRESENTED_AT"
"jjaf231.411","ecco-2026","PRESENTED_AT"
"jjaf231.412","ecco-2026","PRESENTED_AT"
"jjaf231.413","ecco-2026","PRESENTED_AT"
"jjaf231.414","ecco-2026","PRESENTED_AT"
"jjaf231.415","ecco-2026","PRESENTED_AT"
"jjaf231.416","ecco-2026","PRESENTED_AT"
"jjaf231.417","ecco-2026","PRESENTED_AT"
"jjaf231.418","ecco-2026","PRESENTED_AT"
"jjaf231.419","ecco-2026","PRESENTED_AT"
"jjaf231.420","ecco-2026","PRESENTED_AT"
"jjaf231.421","ecco-2026","PRESENTED_AT"
"jjaf231.422","ecco-2026","PRESENTED_AT"
"jjaf231.423","ecco-2026","PRESENTED_AT"
"jjaf231.424","ecco-2026","PRESENTED_AT"
"jjaf231.425","ecco-2026","PRESENTED_AT"
"jjaf231.426","ecco-2026","PRESENTED_AT"
"jjaf231.427","ecco-2026","PRESENTED_AT"
"jjaf231.428","ecco-2026","PRESENTED_AT"
"jjaf231.429","ecco-2026","PRESENTED_AT"
"jjaf231.430","ecco-2026","PRESENTED_AT"
"jjaf231.431","ecco-2026","PRESENTED_AT"
"jjaf231.432","ecco-2026","PRESENTED_AT"
"jjaf231.433","ecco-2026","PRESENTED_AT"
"jjaf231.434","ecco-2026","PRESENTED_AT"
"jjaf231.435","ecco-2026","PRESENTED_AT"
"jjaf231.436","ecco-2026","PRESENTED_AT"
"jjaf231.437","ecco-2026","PRESENTED_AT"
"jjaf231.438","ecco-2026","PRESENTED_AT"
"jjaf231.439","ecco-2026","PRESENTED_AT"
"jjaf231.440","ecco-2026","PRESENTED_AT"
"jjaf231.441","ecco-2026","PRESENTED_AT"
"jjaf231.442","ecco-2026","PRESENTED_AT"
"jjaf231.443","ecco-2026","PRESENTED_AT"
"jjaf231.444","ecco-2026","PRESENTED_AT"
"jjaf231.445","ecco-2026","PRESENTED_AT"
"jjaf231.446","ecco-2026","PRESENTED_AT"
"jjaf231.447","ecco-2026","PRESENTED_AT"
"jjaf231.448","ecco-2026","PRESENTED_AT"
"jjaf231.449","ecco-2026","PRESENTED_AT"
"jjaf231.450","ecco-2026","PRESENTED_AT"
"jjaf231.451","ecco-2026","PRESENTED_AT"
"jjaf231.452","ecco-2026","PRESENTED_AT"
"jjaf231.453","ecco-2026","PRESENTED_AT"
"jjaf231.454","ecco-2026","PRESENTED_AT"
"jjaf231.455","ecco-2026","PRESENTED_AT"
"jjaf231.456","ecco-2026","PRESENTED_AT"
"jjaf231.457","ecco-2026","PRESENTED_AT"
"jjaf231.458","ecco-2026","PRESENTED_AT"
"jjaf231.459","ecco-2026","PRESENTED_AT"
"jjaf231.460","ecco-2026","PRESENTED_AT"
"jjaf231.461","ecco-2026","PRESENTED_AT"
"jjaf231.462","ecco-2026","PRESENTED_AT"
"jjaf231.463","ecco-2026","PRESENTED_AT"
"jjaf231.464","ecco-2026","PRESENTED_AT"
"jjaf231.465","ecco-2026","PRESENTED_AT"
"jjaf231.466","ecco-2026","PRESENTED_AT"
"jjaf231.467","ecco-2026","PRESENTED_AT"
"jjaf231.468","ecco-2026","PRESENTED_AT"
"jjaf231.469","ecco-2026","PRESENTED_AT"
"jjaf231.470","ecco-2026","PRESENTED_AT"
"jjaf231.471","ecco-2026","PRESENTED_AT"
"jjaf231.472","ecco-2026","PRESENTED_AT"
"jjaf231.473","ecco-2026","PRESENTED_AT"
"jjaf231.474","ecco-2026","PRESENTED_AT"
"jjaf231.475","ecco-2026","PRESENTED_AT"
"jjaf231.476","ecco-2026","PRESENTED_AT"
"jjaf231.477","ecco-2026","PRESENTED_AT"
"jjaf231.478","ecco-2026","PRESENTED_AT"
"jjaf231.479","ecco-2026","PRESENTED_AT"
"jjaf231.480","ecco-2026","PRESENTED_AT"
"jjaf231.481","ecco-2026","PRESENTED_AT"
"jjaf231.482","ecco-2026","PRESENTED_AT"
"jjaf231.483","ecco-2026","PRESENTED_AT"
"jjaf231.484","ecco-2026","PRESENTED_AT"
"jjaf231.485","ecco-2026","PRESENTED_AT"
"jjaf231.486","ecco-2026","PRESENTED_AT"
"jjaf231.487","ecco-2026","PRESENTED_AT"
"jjaf231.488","ecco-2026","PRESENTED_AT"
"jjaf231.489","ecco-2026","PRESENTED_AT"
"jjaf231.490","ecco-2026","PRESENTED_AT"
"jjaf231.491","ecco-2026","PRESENTED_AT"
"jjaf231.492","ecco-2026","PRESENTED_AT"
"jjaf231.493","ecco-2026","PRESENTED_AT"
"jjaf231.494","ecco-2026","PRESENTED_AT"
"jjaf231.495","ecco-2026","PRESENTED_AT"
"jjaf231.497","ecco-2026","PRESENTED_AT"
"jjaf231.498","ecco-2026","PRESENTED_AT"
"jjaf231.499","ecco-2026","PRESENTED_AT"
"jjaf231.500","ecco-2026","PRESENTED_AT"
"jjaf231.501","ecco-2026","PRESENTED_AT"
"jjaf231.502","ecco-2026","PRESENTED_AT"
"jjaf231.503","ecco-2026","PRESENTED_AT"
"jjaf231.504","ecco-2026","PRESENTED_AT"
"jjaf231.505","ecco-2026","PRESENTED_AT"
"jjaf231.506","ecco-2026","PRESENTED_AT"
"jjaf231.507","ecco-2026","PRESENTED_AT"
"jjaf231.508","ecco-2026","PRESENTED_AT"
"jjaf231.509","ecco-2026","PRESENTED_AT"
"jjaf231.510","ecco-2026","PRESENTED_AT"
"jjaf231.511","ecco-2026","PRESENTED_AT"
"jjaf231.512","ecco-2026","PRESENTED_AT"
"jjaf231.513","ecco-2026","PRESENTED_AT"
"jjaf231.514","ecco-2026","PRESENTED_AT"
"jjaf231.515","ecco-2026","PRESENTED_AT"
"jjaf231.516","ecco-2026","PRESENTED_AT"
"jjaf231.517","ecco-2026","PRESENTED_AT"
"jjaf231.518","ecco-2026","PRESENTED_AT"
"jjaf231.519","ecco-2026","PRESENTED_AT"
"jjaf231.520","ecco-2026","PRESENTED_AT"
"jjaf231.521","ecco-2026","PRESENTED_AT"
"jjaf231.522","ecco-2026","PRESENTED_AT"
"jjaf231.523","ecco-2026","PRESENTED_AT"
"jjaf231.524","ecco-2026","PRESENTED_AT"
"jjaf231.525","ecco-2026","PRESENTED_AT"
"jjaf231.526","ecco-2026","PRESENTED_AT"
"jjaf231.527","ecco-2026","PRESENTED_AT"
"jjaf231.528","ecco-2026","PRESENTED_AT"
"jjaf231.529","ecco-2026","PRESENTED_AT"
"jjaf231.530","ecco-2026","PRESENTED_AT"
"jjaf231.531","ecco-2026","PRESENTED_AT"
"jjaf231.532","ecco-2026","PRESENTED_AT"
"jjaf231.533","ecco-2026","PRESENTED_AT"
"jjaf231.534","ecco-2026","PRESENTED_AT"
"jjaf231.535","ecco-2026","PRESENTED_AT"
"jjaf231.536","ecco-2026","PRESENTED_AT"
"jjaf231.537","ecco-2026","PRESENTED_AT"
"jjaf231.538","ecco-2026","PRESENTED_AT"
"jjaf231.539","ecco-2026","PRESENTED_AT"
"jjaf231.540","ecco-2026","PRESENTED_AT"
"jjaf231.541","ecco-2026","PRESENTED_AT"
"jjaf231.542","ecco-2026","PRESENTED_AT"
"jjaf231.543","ecco-2026","PRESENTED_AT"
"jjaf231.544","ecco-2026","PRESENTED_AT"
"jjaf231.545","ecco-2026","PRESENTED_AT"
"jjaf231.546","ecco-2026","PRESENTED_AT"
"jjaf231.547","ecco-2026","PRESENTED_AT"
"jjaf231.548","ecco-2026","PRESENTED_AT"
"jjaf231.549","ecco-2026","PRESENTED_AT"
"jjaf231.550","ecco-2026","PRESENTED_AT"
"jjaf231.551","ecco-2026","PRESENTED_AT"
"jjaf231.552","ecco-2026","PRESENTED_AT"
"jjaf231.553","ecco-2026","PRESENTED_AT"
"jjaf231.554","ecco-2026","PRESENTED_AT"
"jjaf231.555","ecco-2026","PRESENTED_AT"
"jjaf231.556","ecco-2026","PRESENTED_AT"
"jjaf231.557","ecco-2026","PRESENTED_AT"
"jjaf231.558","ecco-2026","PRESENTED_AT"
"jjaf231.559","ecco-2026","PRESENTED_AT"
"jjaf231.560","ecco-2026","PRESENTED_AT"
"jjaf231.561","ecco-2026","PRESENTED_AT"
"jjaf231.562","ecco-2026","PRESENTED_AT"
"jjaf231.563","ecco-2026","PRESENTED_AT"
"jjaf231.564","ecco-2026","PRESENTED_AT"
"jjaf231.565","ecco-2026","PRESENTED_AT"
"jjaf231.566","ecco-2026","PRESENTED_AT"
"jjaf231.567","ecco-2026","PRESENTED_AT"
"jjaf231.568","ecco-2026","PRESENTED_AT"
"jjaf231.569","ecco-2026","PRESENTED_AT"
"jjaf231.570","ecco-2026","PRESENTED_AT"
"jjaf231.571","ecco-2026","PRESENTED_AT"
"jjaf231.572","ecco-2026","PRESENTED_AT"
"jjaf231.573","ecco-2026","PRESENTED_AT"
"jjaf231.574","ecco-2026","PRESENTED_AT"
"jjaf231.575","ecco-2026","PRESENTED_AT"
"jjaf231.576","ecco-2026","PRESENTED_AT"
"jjaf231.577","ecco-2026","PRESENTED_AT"
"jjaf231.578","ecco-2026","PRESENTED_AT"
"jjaf231.579","ecco-2026","PRESENTED_AT"
"jjaf231.580","ecco-2026","PRESENTED_AT"
"jjaf231.581","ecco-2026","PRESENTED_AT"
"jjaf231.582","ecco-2026","PRESENTED_AT"
"jjaf231.583","ecco-2026","PRESENTED_AT"
"jjaf231.584","ecco-2026","PRESENTED_AT"
"jjaf231.585","ecco-2026","PRESENTED_AT"
"jjaf231.586","ecco-2026","PRESENTED_AT"
"jjaf231.587","ecco-2026","PRESENTED_AT"
"jjaf231.588","ecco-2026","PRESENTED_AT"
"jjaf231.589","ecco-2026","PRESENTED_AT"
"jjaf231.590","ecco-2026","PRESENTED_AT"
"jjaf231.591","ecco-2026","PRESENTED_AT"
"jjaf231.592","ecco-2026","PRESENTED_AT"
"jjaf231.593","ecco-2026","PRESENTED_AT"
"jjaf231.594","ecco-2026","PRESENTED_AT"
"jjaf231.595","ecco-2026","PRESENTED_AT"
"jjaf231.596","ecco-2026","PRESENTED_AT"
"jjaf231.597","ecco-2026","PRESENTED_AT"
"jjaf231.598","ecco-2026","PRESENTED_AT"
"jjaf231.599","ecco-2026","PRESENTED_AT"
"jjaf231.600","ecco-2026","PRESENTED_AT"
"jjaf231.601","ecco-2026","PRESENTED_AT"
"jjaf231.602","ecco-2026","PRESENTED_AT"
"jjaf231.603","ecco-2026","PRESENTED_AT"
"jjaf231.604","ecco-2026","PRESENTED_AT"
"jjaf231.605","ecco-2026","PRESENTED_AT"
"jjaf231.606","ecco-2026","PRESENTED_AT"
"jjaf231.607","ecco-2026","PRESENTED_AT"
"jjaf231.608","ecco-2026","PRESENTED_AT"
"jjaf231.609","ecco-2026","PRESENTED_AT"
"jjaf231.610","ecco-2026","PRESENTED_AT"
"jjaf231.611","ecco-2026","PRESENTED_AT"
"jjaf231.612","ecco-2026","PRESENTED_AT"
"jjaf231.613","ecco-2026","PRESENTED_AT"
"jjaf231.614","ecco-2026","PRESENTED_AT"
"jjaf231.615","ecco-2026","PRESENTED_AT"
"jjaf231.616","ecco-2026","PRESENTED_AT"
"jjaf231.617","ecco-2026","PRESENTED_AT"
"jjaf231.618","ecco-2026","PRESENTED_AT"
"jjaf231.619","ecco-2026","PRESENTED_AT"
"jjaf231.620","ecco-2026","PRESENTED_AT"
"jjaf231.621","ecco-2026","PRESENTED_AT"
"jjaf231.622","ecco-2026","PRESENTED_AT"
"jjaf231.623","ecco-2026","PRESENTED_AT"
"jjaf231.624","ecco-2026","PRESENTED_AT"
"jjaf231.625","ecco-2026","PRESENTED_AT"
"jjaf231.626","ecco-2026","PRESENTED_AT"
"jjaf231.627","ecco-2026","PRESENTED_AT"
"jjaf231.628","ecco-2026","PRESENTED_AT"
"jjaf231.629","ecco-2026","PRESENTED_AT"
"jjaf231.630","ecco-2026","PRESENTED_AT"
"jjaf231.631","ecco-2026","PRESENTED_AT"
"jjaf231.632","ecco-2026","PRESENTED_AT"
"jjaf231.633","ecco-2026","PRESENTED_AT"
"jjaf231.634","ecco-2026","PRESENTED_AT"
"jjaf231.635","ecco-2026","PRESENTED_AT"
"jjaf231.636","ecco-2026","PRESENTED_AT"
"jjaf231.637","ecco-2026","PRESENTED_AT"
"jjaf231.638","ecco-2026","PRESENTED_AT"
"jjaf231.639","ecco-2026","PRESENTED_AT"
"jjaf231.640","ecco-2026","PRESENTED_AT"
"jjaf231.641","ecco-2026","PRESENTED_AT"
"jjaf231.642","ecco-2026","PRESENTED_AT"
"jjaf231.643","ecco-2026","PRESENTED_AT"
"jjaf231.644","ecco-2026","PRESENTED_AT"
"jjaf231.645","ecco-2026","PRESENTED_AT"
"jjaf231.646","ecco-2026","PRESENTED_AT"
"jjaf231.647","ecco-2026","PRESENTED_AT"
"jjaf231.649","ecco-2026","PRESENTED_AT"
"jjaf231.650","ecco-2026","PRESENTED_AT"
"jjaf231.651","ecco-2026","PRESENTED_AT"
"jjaf231.652","ecco-2026","PRESENTED_AT"
"jjaf231.653","ecco-2026","PRESENTED_AT"
"jjaf231.654","ecco-2026","PRESENTED_AT"
"jjaf231.655","ecco-2026","PRESENTED_AT"
"jjaf231.656","ecco-2026","PRESENTED_AT"
"jjaf231.657","ecco-2026","PRESENTED_AT"
"jjaf231.658","ecco-2026","PRESENTED_AT"
"jjaf231.659","ecco-2026","PRESENTED_AT"
"jjaf231.660","ecco-2026","PRESENTED_AT"
"jjaf231.661","ecco-2026","PRESENTED_AT"
"jjaf231.662","ecco-2026","PRESENTED_AT"
"jjaf231.663","ecco-2026","PRESENTED_AT"
"jjaf231.664","ecco-2026","PRESENTED_AT"
"jjaf231.665","ecco-2026","PRESENTED_AT"
"jjaf231.666","ecco-2026","PRESENTED_AT"
"jjaf231.667","ecco-2026","PRESENTED_AT"
"jjaf231.668","ecco-2026","PRESENTED_AT"
"jjaf231.669","ecco-2026","PRESENTED_AT"
"jjaf231.670","ecco-2026","PRESENTED_AT"
"jjaf231.671","ecco-2026","PRESENTED_AT"
"jjaf231.672","ecco-2026","PRESENTED_AT"
"jjaf231.673","ecco-2026","PRESENTED_AT"
"jjaf231.674","ecco-2026","PRESENTED_AT"
"jjaf231.675","ecco-2026","PRESENTED_AT"
"jjaf231.676","ecco-2026","PRESENTED_AT"
"jjaf231.677","ecco-2026","PRESENTED_AT"
"jjaf231.678","ecco-2026","PRESENTED_AT"
"jjaf231.679","ecco-2026","PRESENTED_AT"
"jjaf231.680","ecco-2026","PRESENTED_AT"
"jjaf231.681","ecco-2026","PRESENTED_AT"
"jjaf231.682","ecco-2026","PRESENTED_AT"
"jjaf231.683","ecco-2026","PRESENTED_AT"
"jjaf231.684","ecco-2026","PRESENTED_AT"
"jjaf231.685","ecco-2026","PRESENTED_AT"
"jjaf231.686","ecco-2026","PRESENTED_AT"
"jjaf231.687","ecco-2026","PRESENTED_AT"
"jjaf231.688","ecco-2026","PRESENTED_AT"
"jjaf231.689","ecco-2026","PRESENTED_AT"
"jjaf231.690","ecco-2026","PRESENTED_AT"
"jjaf231.691","ecco-2026","PRESENTED_AT"
"jjaf231.692","ecco-2026","PRESENTED_AT"
"jjaf231.693","ecco-2026","PRESENTED_AT"
"jjaf231.694","ecco-2026","PRESENTED_AT"
"jjaf231.695","ecco-2026","PRESENTED_AT"
"jjaf231.696","ecco-2026","PRESENTED_AT"
"jjaf231.697","ecco-2026","PRESENTED_AT"
"jjaf231.698","ecco-2026","PRESENTED_AT"
"jjaf231.699","ecco-2026","PRESENTED_AT"
"jjaf231.700","ecco-2026","PRESENTED_AT"
"jjaf231.701","ecco-2026","PRESENTED_AT"
"jjaf231.702","ecco-2026","PRESENTED_AT"
"jjaf231.703","ecco-2026","PRESENTED_AT"
"jjaf231.704","ecco-2026","PRESENTED_AT"
"jjaf231.705","ecco-2026","PRESENTED_AT"
"jjaf231.706","ecco-2026","PRESENTED_AT"
"jjaf231.707","ecco-2026","PRESENTED_AT"
"jjaf231.708","ecco-2026","PRESENTED_AT"
"jjaf231.709","ecco-2026","PRESENTED_AT"
"jjaf231.710","ecco-2026","PRESENTED_AT"
"jjaf231.711","ecco-2026","PRESENTED_AT"
"jjaf231.712","ecco-2026","PRESENTED_AT"
"jjaf231.713","ecco-2026","PRESENTED_AT"
"jjaf231.714","ecco-2026","PRESENTED_AT"
"jjaf231.715","ecco-2026","PRESENTED_AT"
"jjaf231.716","ecco-2026","PRESENTED_AT"
"jjaf231.717","ecco-2026","PRESENTED_AT"
"jjaf231.718","ecco-2026","PRESENTED_AT"
"jjaf231.719","ecco-2026","PRESENTED_AT"
"jjaf231.720","ecco-2026","PRESENTED_AT"
"jjaf231.721","ecco-2026","PRESENTED_AT"
"jjaf231.722","ecco-2026","PRESENTED_AT"
"jjaf231.723","ecco-2026","PRESENTED_AT"
"jjaf231.724","ecco-2026","PRESENTED_AT"
"jjaf231.725","ecco-2026","PRESENTED_AT"
"jjaf231.726","ecco-2026","PRESENTED_AT"
"jjaf231.727","ecco-2026","PRESENTED_AT"
"jjaf231.728","ecco-2026","PRESENTED_AT"
"jjaf231.729","ecco-2026","PRESENTED_AT"
"jjaf231.730","ecco-2026","PRESENTED_AT"
"jjaf231.731","ecco-2026","PRESENTED_AT"
"jjaf231.732","ecco-2026","PRESENTED_AT"
"jjaf231.733","ecco-2026","PRESENTED_AT"
"jjaf231.734","ecco-2026","PRESENTED_AT"
"jjaf231.735","ecco-2026","PRESENTED_AT"
"jjaf231.736","ecco-2026","PRESENTED_AT"
"jjaf231.737","ecco-2026","PRESENTED_AT"
"jjaf231.738","ecco-2026","PRESENTED_AT"
"jjaf231.739","ecco-2026","PRESENTED_AT"
"jjaf231.740","ecco-2026","PRESENTED_AT"
"jjaf231.741","ecco-2026","PRESENTED_AT"
"jjaf231.742","ecco-2026","PRESENTED_AT"
"jjaf231.743","ecco-2026","PRESENTED_AT"
"jjaf231.744","ecco-2026","PRESENTED_AT"
"jjaf231.745","ecco-2026","PRESENTED_AT"
"jjaf231.746","ecco-2026","PRESENTED_AT"
"jjaf231.747","ecco-2026","PRESENTED_AT"
"jjaf231.748","ecco-2026","PRESENTED_AT"
"jjaf231.749","ecco-2026","PRESENTED_AT"
"jjaf231.750","ecco-2026","PRESENTED_AT"
"jjaf231.751","ecco-2026","PRESENTED_AT"
"jjaf231.752","ecco-2026","PRESENTED_AT"
"jjaf231.753","ecco-2026","PRESENTED_AT"
"jjaf231.754","ecco-2026","PRESENTED_AT"
"jjaf231.755","ecco-2026","PRESENTED_AT"
"jjaf231.756","ecco-2026","PRESENTED_AT"
"jjaf231.757","ecco-2026","PRESENTED_AT"
"jjaf231.758","ecco-2026","PRESENTED_AT"
"jjaf231.759","ecco-2026","PRESENTED_AT"
"jjaf231.760","ecco-2026","PRESENTED_AT"
"jjaf231.761","ecco-2026","PRESENTED_AT"
"jjaf231.762","ecco-2026","PRESENTED_AT"
"jjaf231.763","ecco-2026","PRESENTED_AT"
"jjaf231.764","ecco-2026","PRESENTED_AT"
"jjaf231.766","ecco-2026","PRESENTED_AT"
"jjaf231.767","ecco-2026","PRESENTED_AT"
"jjaf231.768","ecco-2026","PRESENTED_AT"
"jjaf231.769","ecco-2026","PRESENTED_AT"
"jjaf231.771","ecco-2026","PRESENTED_AT"
"jjaf231.772","ecco-2026","PRESENTED_AT"
"jjaf231.773","ecco-2026","PRESENTED_AT"
"jjaf231.774","ecco-2026","PRESENTED_AT"
"jjaf231.775","ecco-2026","PRESENTED_AT"
"jjaf231.776","ecco-2026","PRESENTED_AT"
"jjaf231.777","ecco-2026","PRESENTED_AT"
"jjaf231.778","ecco-2026","PRESENTED_AT"
"jjaf231.779","ecco-2026","PRESENTED_AT"
"jjaf231.780","ecco-2026","PRESENTED_AT"
"jjaf231.781","ecco-2026","PRESENTED_AT"
"jjaf231.782","ecco-2026","PRESENTED_AT"
"jjaf231.783","ecco-2026","PRESENTED_AT"
"jjaf231.784","ecco-2026","PRESENTED_AT"
"jjaf231.785","ecco-2026","PRESENTED_AT"
"jjaf231.786","ecco-2026","PRESENTED_AT"
"jjaf231.787","ecco-2026","PRESENTED_AT"
"jjaf231.788","ecco-2026","PRESENTED_AT"
"jjaf231.789","ecco-2026","PRESENTED_AT"
"jjaf231.790","ecco-2026","PRESENTED_AT"
"jjaf231.791","ecco-2026","PRESENTED_AT"
"jjaf231.792","ecco-2026","PRESENTED_AT"
"jjaf231.793","ecco-2026","PRESENTED_AT"
"jjaf231.794","ecco-2026","PRESENTED_AT"
"jjaf231.795","ecco-2026","PRESENTED_AT"
"jjaf231.796","ecco-2026","PRESENTED_AT"
"jjaf231.797","ecco-2026","PRESENTED_AT"
"jjaf231.798","ecco-2026","PRESENTED_AT"
"jjaf231.799","ecco-2026","PRESENTED_AT"
"jjaf231.800","ecco-2026","PRESENTED_AT"
"jjaf231.801","ecco-2026","PRESENTED_AT"
"jjaf231.802","ecco-2026","PRESENTED_AT"
"jjaf231.803","ecco-2026","PRESENTED_AT"
"jjaf231.804","ecco-2026","PRESENTED_AT"
"jjaf231.805","ecco-2026","PRESENTED_AT"
"jjaf231.806","ecco-2026","PRESENTED_AT"
"jjaf231.807","ecco-2026","PRESENTED_AT"
"jjaf231.808","ecco-2026","PRESENTED_AT"
"jjaf231.809","ecco-2026","PRESENTED_AT"
"jjaf231.810","ecco-2026","PRESENTED_AT"
"jjaf231.811","ecco-2026","PRESENTED_AT"
"jjaf231.812","ecco-2026","PRESENTED_AT"
"jjaf231.813","ecco-2026","PRESENTED_AT"
"jjaf231.814","ecco-2026","PRESENTED_AT"
"jjaf231.815","ecco-2026","PRESENTED_AT"
"jjaf231.816","ecco-2026","PRESENTED_AT"
"jjaf231.817","ecco-2026","PRESENTED_AT"
"jjaf231.818","ecco-2026","PRESENTED_AT"
"jjaf231.819","ecco-2026","PRESENTED_AT"
"jjaf231.820","ecco-2026","PRESENTED_AT"
"jjaf231.821","ecco-2026","PRESENTED_AT"
"jjaf231.822","ecco-2026","PRESENTED_AT"
"jjaf231.823","ecco-2026","PRESENTED_AT"
"jjaf231.824","ecco-2026","PRESENTED_AT"
"jjaf231.825","ecco-2026","PRESENTED_AT"
"jjaf231.826","ecco-2026","PRESENTED_AT"
"jjaf231.827","ecco-2026","PRESENTED_AT"
"jjaf231.828","ecco-2026","PRESENTED_AT"
"jjaf231.829","ecco-2026","PRESENTED_AT"
"jjaf231.830","ecco-2026","PRESENTED_AT"
"jjaf231.831","ecco-2026","PRESENTED_AT"
"jjaf231.832","ecco-2026","PRESENTED_AT"
"jjaf231.833","ecco-2026","PRESENTED_AT"
"jjaf231.834","ecco-2026","PRESENTED_AT"
"jjaf231.835","ecco-2026","PRESENTED_AT"
"jjaf231.836","ecco-2026","PRESENTED_AT"
"jjaf231.837","ecco-2026","PRESENTED_AT"
"jjaf231.838","ecco-2026","PRESENTED_AT"
"jjaf231.839","ecco-2026","PRESENTED_AT"
"jjaf231.840","ecco-2026","PRESENTED_AT"
"jjaf231.841","ecco-2026","PRESENTED_AT"
"jjaf231.842","ecco-2026","PRESENTED_AT"
"jjaf231.843","ecco-2026","PRESENTED_AT"
"jjaf231.844","ecco-2026","PRESENTED_AT"
"jjaf231.845","ecco-2026","PRESENTED_AT"
"jjaf231.846","ecco-2026","PRESENTED_AT"
"jjaf231.847","ecco-2026","PRESENTED_AT"
"jjaf231.848","ecco-2026","PRESENTED_AT"
"jjaf231.849","ecco-2026","PRESENTED_AT"
"jjaf231.850","ecco-2026","PRESENTED_AT"
"jjaf231.851","ecco-2026","PRESENTED_AT"
"jjaf231.852","ecco-2026","PRESENTED_AT"
"jjaf231.853","ecco-2026","PRESENTED_AT"
"jjaf231.854","ecco-2026","PRESENTED_AT"
"jjaf231.855","ecco-2026","PRESENTED_AT"
"jjaf231.856","ecco-2026","PRESENTED_AT"
"jjaf231.857","ecco-2026","PRESENTED_AT"
"jjaf231.858","ecco-2026","PRESENTED_AT"
"jjaf231.859","ecco-2026","PRESENTED_AT"
"jjaf231.860","ecco-2026","PRESENTED_AT"
"jjaf231.861","ecco-2026","PRESENTED_AT"
"jjaf231.862","ecco-2026","PRESENTED_AT"
"jjaf231.863","ecco-2026","PRESENTED_AT"
"jjaf231.864","ecco-2026","PRESENTED_AT"
"jjaf231.865","ecco-2026","PRESENTED_AT"
"jjaf231.866","ecco-2026","PRESENTED_AT"
"jjaf231.867","ecco-2026","PRESENTED_AT"
"jjaf231.868","ecco-2026","PRESENTED_AT"
"jjaf231.869","ecco-2026","PRESENTED_AT"
"jjaf231.870","ecco-2026","PRESENTED_AT"
"jjaf231.871","ecco-2026","PRESENTED_AT"
"jjaf231.872","ecco-2026","PRESENTED_AT"
"jjaf231.873","ecco-2026","PRESENTED_AT"
"jjaf231.874","ecco-2026","PRESENTED_AT"
"jjaf231.875","ecco-2026","PRESENTED_AT"
"jjaf231.876","ecco-2026","PRESENTED_AT"
"jjaf231.877","ecco-2026","PRESENTED_AT"
"jjaf231.878","ecco-2026","PRESENTED_AT"
"jjaf231.879","ecco-2026","PRESENTED_AT"
"jjaf231.880","ecco-2026","PRESENTED_AT"
"jjaf231.881","ecco-2026","PRESENTED_AT"
"jjaf231.882","ecco-2026","PRESENTED_AT"
"jjaf231.883","ecco-2026","PRESENTED_AT"
"jjaf231.884","ecco-2026","PRESENTED_AT"
"jjaf231.885","ecco-2026","PRESENTED_AT"
"jjaf231.886","ecco-2026","PRESENTED_AT"
"jjaf231.887","ecco-2026","PRESENTED_AT"
"jjaf231.888","ecco-2026","PRESENTED_AT"
"jjaf231.889","ecco-2026","PRESENTED_AT"
"jjaf231.890","ecco-2026","PRESENTED_AT"
"jjaf231.891","ecco-2026","PRESENTED_AT"
"jjaf231.892","ecco-2026","PRESENTED_AT"
"jjaf231.893","ecco-2026","PRESENTED_AT"
"jjaf231.894","ecco-2026","PRESENTED_AT"
"jjaf231.895","ecco-2026","PRESENTED_AT"
"jjaf231.896","ecco-2026","PRESENTED_AT"
"jjaf231.897","ecco-2026","PRESENTED_AT"
"jjaf231.898","ecco-2026","PRESENTED_AT"
"jjaf231.899","ecco-2026","PRESENTED_AT"
"jjaf231.900","ecco-2026","PRESENTED_AT"
"jjaf231.901","ecco-2026","PRESENTED_AT"
"jjaf231.902","ecco-2026","PRESENTED_AT"
"jjaf231.903","ecco-2026","PRESENTED_AT"
"jjaf231.904","ecco-2026","PRESENTED_AT"
"jjaf231.905","ecco-2026","PRESENTED_AT"
"jjaf231.906","ecco-2026","PRESENTED_AT"
"jjaf231.907","ecco-2026","PRESENTED_AT"
"jjaf231.908","ecco-2026","PRESENTED_AT"
"jjaf231.909","ecco-2026","PRESENTED_AT"
"jjaf231.910","ecco-2026","PRESENTED_AT"
"jjaf231.911","ecco-2026","PRESENTED_AT"
"jjaf231.912","ecco-2026","PRESENTED_AT"
"jjaf231.913","ecco-2026","PRESENTED_AT"
"jjaf231.914","ecco-2026","PRESENTED_AT"
"jjaf231.915","ecco-2026","PRESENTED_AT"
"jjaf231.916","ecco-2026","PRESENTED_AT"
"jjaf231.917","ecco-2026","PRESENTED_AT"
"jjaf231.918","ecco-2026","PRESENTED_AT"
"jjaf231.919","ecco-2026","PRESENTED_AT"
"jjaf231.920","ecco-2026","PRESENTED_AT"
"jjaf231.921","ecco-2026","PRESENTED_AT"
"jjaf231.922","ecco-2026","PRESENTED_AT"
"jjaf231.923","ecco-2026","PRESENTED_AT"
"jjaf231.924","ecco-2026","PRESENTED_AT"
"jjaf231.925","ecco-2026","PRESENTED_AT"
"jjaf231.926","ecco-2026","PRESENTED_AT"
"jjaf231.927","ecco-2026","PRESENTED_AT"
"jjaf231.928","ecco-2026","PRESENTED_AT"
"jjaf231.929","ecco-2026","PRESENTED_AT"
"jjaf231.930","ecco-2026","PRESENTED_AT"
"jjaf231.931","ecco-2026","PRESENTED_AT"
"jjaf231.932","ecco-2026","PRESENTED_AT"
"jjaf231.933","ecco-2026","PRESENTED_AT"
"jjaf231.934","ecco-2026","PRESENTED_AT"
"jjaf231.935","ecco-2026","PRESENTED_AT"
"jjaf231.936","ecco-2026","PRESENTED_AT"
"jjaf231.937","ecco-2026","PRESENTED_AT"
"jjaf231.938","ecco-2026","PRESENTED_AT"
"jjaf231.939","ecco-2026","PRESENTED_AT"
"jjaf231.940","ecco-2026","PRESENTED_AT"
"jjaf231.941","ecco-2026","PRESENTED_AT"
"jjaf231.942","ecco-2026","PRESENTED_AT"
"jjaf231.943","ecco-2026","PRESENTED_AT"
"jjaf231.944","ecco-2026","PRESENTED_AT"
"jjaf231.945","ecco-2026","PRESENTED_AT"
"jjaf231.946","ecco-2026","PRESENTED_AT"
"jjaf231.947","ecco-2026","PRESENTED_AT"
"jjaf231.948","ecco-2026","PRESENTED_AT"
"jjaf231.949","ecco-2026","PRESENTED_AT"
"jjaf231.950","ecco-2026","PRESENTED_AT"
"jjaf231.951","ecco-2026","PRESENTED_AT"
"jjaf231.952","ecco-2026","PRESENTED_AT"
"jjaf231.953","ecco-2026","PRESENTED_AT"
"jjaf231.954","ecco-2026","PRESENTED_AT"
"jjaf231.955","ecco-2026","PRESENTED_AT"
"jjaf231.956","ecco-2026","PRESENTED_AT"
"jjaf231.957","ecco-2026","PRESENTED_AT"
"jjaf231.958","ecco-2026","PRESENTED_AT"
"jjaf231.960","ecco-2026","PRESENTED_AT"
"jjaf231.961","ecco-2026","PRESENTED_AT"
"jjaf231.962","ecco-2026","PRESENTED_AT"
"jjaf231.963","ecco-2026","PRESENTED_AT"
"jjaf231.964","ecco-2026","PRESENTED_AT"
"jjaf231.965","ecco-2026","PRESENTED_AT"
"jjaf231.966","ecco-2026","PRESENTED_AT"
"jjaf231.967","ecco-2026","PRESENTED_AT"
"jjaf231.968","ecco-2026","PRESENTED_AT"
"jjaf231.969","ecco-2026","PRESENTED_AT"
"jjaf231.970","ecco-2026","PRESENTED_AT"
"jjaf231.971","ecco-2026","PRESENTED_AT"
"jjaf231.972","ecco-2026","PRESENTED_AT"
"jjaf231.973","ecco-2026","PRESENTED_AT"
"jjaf231.974","ecco-2026","PRESENTED_AT"
"jjaf231.975","ecco-2026","PRESENTED_AT"
"jjaf231.976","ecco-2026","PRESENTED_AT"
"jjaf231.977","ecco-2026","PRESENTED_AT"
"jjaf231.978","ecco-2026","PRESENTED_AT"
"jjaf231.979","ecco-2026","PRESENTED_AT"
"jjaf231.980","ecco-2026","PRESENTED_AT"
"jjaf231.981","ecco-2026","PRESENTED_AT"
"jjaf231.982","ecco-2026","PRESENTED_AT"
"jjaf231.983","ecco-2026","PRESENTED_AT"
"jjaf231.984","ecco-2026","PRESENTED_AT"
"jjaf231.985","ecco-2026","PRESENTED_AT"
"jjaf231.986","ecco-2026","PRESENTED_AT"
"jjaf231.987","ecco-2026","PRESENTED_AT"
"jjaf231.988","ecco-2026","PRESENTED_AT"
"jjaf231.989","ecco-2026","PRESENTED_AT"
"jjaf231.990","ecco-2026","PRESENTED_AT"
"jjaf231.991","ecco-2026","PRESENTED_AT"
"jjaf231.992","ecco-2026","PRESENTED_AT"
"jjaf231.993","ecco-2026","PRESENTED_AT"
"jjaf231.994","ecco-2026","PRESENTED_AT"
"jjaf231.995","ecco-2026","PRESENTED_AT"
"jjaf231.996","ecco-2026","PRESENTED_AT"
"jjaf231.997","ecco-2026","PRESENTED_AT"
"jjaf231.998","ecco-2026","PRESENTED_AT"
"jjaf231.999","ecco-2026","PRESENTED_AT"
"jjaf231.1000","ecco-2026","PRESENTED_AT"
"jjaf231.1001","ecco-2026","PRESENTED_AT"
"jjaf231.1002","ecco-2026","PRESENTED_AT"
"jjaf231.1003","ecco-2026","PRESENTED_AT"
"jjaf231.1004","ecco-2026","PRESENTED_AT"
"jjaf231.1005","ecco-2026","PRESENTED_AT"
"jjaf231.1006","ecco-2026","PRESENTED_AT"
"jjaf231.1007","ecco-2026","PRESENTED_AT"
"jjaf231.1008","ecco-2026","PRESENTED_AT"
"jjaf231.1009","ecco-2026","PRESENTED_AT"
"jjaf231.1010","ecco-2026","PRESENTED_AT"
"jjaf231.1011","ecco-2026","PRESENTED_AT"
"jjaf231.1012","ecco-2026","PRESENTED_AT"
"jjaf231.1013","ecco-2026","PRESENTED_AT"
"jjaf231.1014","ecco-2026","PRESENTED_AT"
"jjaf231.1015","ecco-2026","PRESENTED_AT"
"jjaf231.1016","ecco-2026","PRESENTED_AT"
"jjaf231.1017","ecco-2026","PRESENTED_AT"
"jjaf231.1018","ecco-2026","PRESENTED_AT"
"jjaf231.1019","ecco-2026","PRESENTED_AT"
"jjaf231.1020","ecco-2026","PRESENTED_AT"
"jjaf231.1021","ecco-2026","PRESENTED_AT"
"jjaf231.1022","ecco-2026","PRESENTED_AT"
"jjaf231.1023","ecco-2026","PRESENTED_AT"
"jjaf231.1024","ecco-2026","PRESENTED_AT"
"jjaf231.1025","ecco-2026","PRESENTED_AT"
"jjaf231.1026","ecco-2026","PRESENTED_AT"
"jjaf231.1027","ecco-2026","PRESENTED_AT"
"jjaf231.1028","ecco-2026","PRESENTED_AT"
"jjaf231.1029","ecco-2026","PRESENTED_AT"
"jjaf231.1030","ecco-2026","PRESENTED_AT"
"jjaf231.1031","ecco-2026","PRESENTED_AT"
"jjaf231.1032","ecco-2026","PRESENTED_AT"
"jjaf231.1033","ecco-2026","PRESENTED_AT"
"jjaf231.1034","ecco-2026","PRESENTED_AT"
"jjaf231.1035","ecco-2026","PRESENTED_AT"
"jjaf231.1036","ecco-2026","PRESENTED_AT"
"jjaf231.1037","ecco-2026","PRESENTED_AT"
"jjaf231.1038","ecco-2026","PRESENTED_AT"
"jjaf231.1039","ecco-2026","PRESENTED_AT"
"jjaf231.1040","ecco-2026","PRESENTED_AT"
"jjaf231.1041","ecco-2026","PRESENTED_AT"
"jjaf231.1043","ecco-2026","PRESENTED_AT"
"jjaf231.1044","ecco-2026","PRESENTED_AT"
"jjaf231.1045","ecco-2026","PRESENTED_AT"
"jjaf231.1046","ecco-2026","PRESENTED_AT"
"jjaf231.1047","ecco-2026","PRESENTED_AT"
"jjaf231.1048","ecco-2026","PRESENTED_AT"
"jjaf231.1049","ecco-2026","PRESENTED_AT"
"jjaf231.1050","ecco-2026","PRESENTED_AT"
"jjaf231.1051","ecco-2026","PRESENTED_AT"
"jjaf231.1052","ecco-2026","PRESENTED_AT"
"jjaf231.1054","ecco-2026","PRESENTED_AT"
"jjaf231.1055","ecco-2026","PRESENTED_AT"
"jjaf231.1056","ecco-2026","PRESENTED_AT"
"jjaf231.1057","ecco-2026","PRESENTED_AT"
"jjaf231.1058","ecco-2026","PRESENTED_AT"
"jjaf231.1059","ecco-2026","PRESENTED_AT"
"jjaf231.1060","ecco-2026","PRESENTED_AT"
"jjaf231.1061","ecco-2026","PRESENTED_AT"
"jjaf231.1063","ecco-2026","PRESENTED_AT"
"jjaf231.1064","ecco-2026","PRESENTED_AT"
"jjaf231.1065","ecco-2026","PRESENTED_AT"
"jjaf231.1066","ecco-2026","PRESENTED_AT"
"jjaf231.1067","ecco-2026","PRESENTED_AT"
"jjaf231.1068","ecco-2026","PRESENTED_AT"
"jjaf231.1069","ecco-2026","PRESENTED_AT"
"jjaf231.1070","ecco-2026","PRESENTED_AT"
"jjaf231.1071","ecco-2026","PRESENTED_AT"
"jjaf231.1072","ecco-2026","PRESENTED_AT"
"jjaf231.1073","ecco-2026","PRESENTED_AT"
"jjaf231.1074","ecco-2026","PRESENTED_AT"
"jjaf231.1075","ecco-2026","PRESENTED_AT"
"jjaf231.1076","ecco-2026","PRESENTED_AT"
"jjaf231.1077","ecco-2026","PRESENTED_AT"
"jjaf231.1078","ecco-2026","PRESENTED_AT"
"jjaf231.1079","ecco-2026","PRESENTED_AT"
"jjaf231.1080","ecco-2026","PRESENTED_AT"
"jjaf231.1081","ecco-2026","PRESENTED_AT"
"jjaf231.1082","ecco-2026","PRESENTED_AT"
"jjaf231.1083","ecco-2026","PRESENTED_AT"
"jjaf231.1084","ecco-2026","PRESENTED_AT"
"jjaf231.1086","ecco-2026","PRESENTED_AT"
"jjaf231.1087","ecco-2026","PRESENTED_AT"
"jjaf231.1088","ecco-2026","PRESENTED_AT"
"jjaf231.1089","ecco-2026","PRESENTED_AT"
"jjaf231.1090","ecco-2026","PRESENTED_AT"
"jjaf231.1091","ecco-2026","PRESENTED_AT"
"jjaf231.1092","ecco-2026","PRESENTED_AT"
"jjaf231.1093","ecco-2026","PRESENTED_AT"
"jjaf231.1094","ecco-2026","PRESENTED_AT"
"jjaf231.1095","ecco-2026","PRESENTED_AT"
"jjaf231.1096","ecco-2026","PRESENTED_AT"
"jjaf231.1097","ecco-2026","PRESENTED_AT"
"jjaf231.1098","ecco-2026","PRESENTED_AT"
"jjaf231.1099","ecco-2026","PRESENTED_AT"
"jjaf231.1100","ecco-2026","PRESENTED_AT"
"jjaf231.1101","ecco-2026","PRESENTED_AT"
"jjaf231.1102","ecco-2026","PRESENTED_AT"
"jjaf231.1103","ecco-2026","PRESENTED_AT"
"jjaf231.1104","ecco-2026","PRESENTED_AT"
"jjaf231.1105","ecco-2026","PRESENTED_AT"
"jjaf231.1106","ecco-2026","PRESENTED_AT"
"jjaf231.1107","ecco-2026","PRESENTED_AT"
"jjaf231.1108","ecco-2026","PRESENTED_AT"
"jjaf231.1109","ecco-2026","PRESENTED_AT"
"jjaf231.1110","ecco-2026","PRESENTED_AT"
"jjaf231.1111","ecco-2026","PRESENTED_AT"
"jjaf231.1112","ecco-2026","PRESENTED_AT"
"jjaf231.1113","ecco-2026","PRESENTED_AT"
"jjaf231.1114","ecco-2026","PRESENTED_AT"
"jjaf231.1115","ecco-2026","PRESENTED_AT"
"jjaf231.1116","ecco-2026","PRESENTED_AT"
"jjaf231.1117","ecco-2026","PRESENTED_AT"
"jjaf231.1118","ecco-2026","PRESENTED_AT"
"jjaf231.1119","ecco-2026","PRESENTED_AT"
"jjaf231.1120","ecco-2026","PRESENTED_AT"
"jjaf231.1121","ecco-2026","PRESENTED_AT"
"jjaf231.1122","ecco-2026","PRESENTED_AT"
"jjaf231.1123","ecco-2026","PRESENTED_AT"
"jjaf231.1124","ecco-2026","PRESENTED_AT"
"jjaf231.1125","ecco-2026","PRESENTED_AT"
"jjaf231.1126","ecco-2026","PRESENTED_AT"
"jjaf231.1127","ecco-2026","PRESENTED_AT"
"jjaf231.1128","ecco-2026","PRESENTED_AT"
"jjaf231.1129","ecco-2026","PRESENTED_AT"
"jjaf231.1130","ecco-2026","PRESENTED_AT"
"jjaf231.1131","ecco-2026","PRESENTED_AT"
"jjaf231.1132","ecco-2026","PRESENTED_AT"
"jjaf231.1133","ecco-2026","PRESENTED_AT"
"jjaf231.1134","ecco-2026","PRESENTED_AT"
"jjaf231.1135","ecco-2026","PRESENTED_AT"
"jjaf231.1136","ecco-2026","PRESENTED_AT"
"jjaf231.1137","ecco-2026","PRESENTED_AT"
"jjaf231.1138","ecco-2026","PRESENTED_AT"
"jjaf231.1139","ecco-2026","PRESENTED_AT"
"jjaf231.1140","ecco-2026","PRESENTED_AT"
"jjaf231.1141","ecco-2026","PRESENTED_AT"
"jjaf231.1142","ecco-2026","PRESENTED_AT"
"jjaf231.1143","ecco-2026","PRESENTED_AT"
"jjaf231.1144","ecco-2026","PRESENTED_AT"
"jjaf231.1145","ecco-2026","PRESENTED_AT"
"jjaf231.1147","ecco-2026","PRESENTED_AT"
"jjaf231.1148","ecco-2026","PRESENTED_AT"
"jjaf231.1149","ecco-2026","PRESENTED_AT"
"jjaf231.1150","ecco-2026","PRESENTED_AT"
"jjaf231.1151","ecco-2026","PRESENTED_AT"
"jjaf231.1152","ecco-2026","PRESENTED_AT"
"jjaf231.1153","ecco-2026","PRESENTED_AT"
"jjaf231.1154","ecco-2026","PRESENTED_AT"
"jjaf231.1155","ecco-2026","PRESENTED_AT"
"jjaf231.1156","ecco-2026","PRESENTED_AT"
"jjaf231.1157","ecco-2026","PRESENTED_AT"
"jjaf231.1158","ecco-2026","PRESENTED_AT"
"jjaf231.1159","ecco-2026","PRESENTED_AT"
"jjaf231.1161","ecco-2026","PRESENTED_AT"
"jjaf231.1162","ecco-2026","PRESENTED_AT"
"jjaf231.1163","ecco-2026","PRESENTED_AT"
"jjaf231.1164","ecco-2026","PRESENTED_AT"
"jjaf231.1165","ecco-2026","PRESENTED_AT"
"jjaf231.1166","ecco-2026","PRESENTED_AT"
"jjaf231.1167","ecco-2026","PRESENTED_AT"
"jjaf231.1168","ecco-2026","PRESENTED_AT"
"jjaf231.1169","ecco-2026","PRESENTED_AT"
"jjaf231.1170","ecco-2026","PRESENTED_AT"
"jjaf231.1171","ecco-2026","PRESENTED_AT"
"jjaf231.1172","ecco-2026","PRESENTED_AT"
"jjaf231.1173","ecco-2026","PRESENTED_AT"
"jjaf231.1174","ecco-2026","PRESENTED_AT"
"jjaf231.1175","ecco-2026","PRESENTED_AT"
"jjaf231.1176","ecco-2026","PRESENTED_AT"
"jjaf231.1177","ecco-2026","PRESENTED_AT"
"jjaf231.1178","ecco-2026","PRESENTED_AT"
"jjaf231.1179","ecco-2026","PRESENTED_AT"
"jjaf231.1180","ecco-2026","PRESENTED_AT"
"jjaf231.1181","ecco-2026","PRESENTED_AT"
"jjaf231.1182","ecco-2026","PRESENTED_AT"
"jjaf231.1183","ecco-2026","PRESENTED_AT"
"jjaf231.1184","ecco-2026","PRESENTED_AT"
"jjaf231.1185","ecco-2026","PRESENTED_AT"
"jjaf231.1186","ecco-2026","PRESENTED_AT"
"jjaf231.1187","ecco-2026","PRESENTED_AT"
"jjaf231.1188","ecco-2026","PRESENTED_AT"
"jjaf231.1189","ecco-2026","PRESENTED_AT"
"jjaf231.1190","ecco-2026","PRESENTED_AT"
"jjaf231.1191","ecco-2026","PRESENTED_AT"
"jjaf231.1192","ecco-2026","PRESENTED_AT"
"jjaf231.1193","ecco-2026","PRESENTED_AT"
"jjaf231.1194","ecco-2026","PRESENTED_AT"
"jjaf231.1195","ecco-2026","PRESENTED_AT"
"jjaf231.1196","ecco-2026","PRESENTED_AT"
"jjaf231.1197","ecco-2026","PRESENTED_AT"
"jjaf231.1198","ecco-2026","PRESENTED_AT"
"jjaf231.1199","ecco-2026","PRESENTED_AT"
"jjaf231.1200","ecco-2026","PRESENTED_AT"
"jjaf231.1201","ecco-2026","PRESENTED_AT"
"jjaf231.1202","ecco-2026","PRESENTED_AT"
"jjaf231.1203","ecco-2026","PRESENTED_AT"
"jjaf231.1204","ecco-2026","PRESENTED_AT"
"jjaf231.1205","ecco-2026","PRESENTED_AT"
"jjaf231.1206","ecco-2026","PRESENTED_AT"
"jjaf231.1207","ecco-2026","PRESENTED_AT"
"jjaf231.1208","ecco-2026","PRESENTED_AT"
"jjaf231.1209","ecco-2026","PRESENTED_AT"
"jjaf231.1210","ecco-2026","PRESENTED_AT"
"jjaf231.1211","ecco-2026","PRESENTED_AT"
"jjaf231.1212","ecco-2026","PRESENTED_AT"
"jjaf231.1213","ecco-2026","PRESENTED_AT"
"jjaf231.1214","ecco-2026","PRESENTED_AT"
"jjaf231.1215","ecco-2026","PRESENTED_AT"
"jjaf231.1216","ecco-2026","PRESENTED_AT"
"jjaf231.1217","ecco-2026","PRESENTED_AT"
"jjaf231.1218","ecco-2026","PRESENTED_AT"
"jjaf231.1219","ecco-2026","PRESENTED_AT"
"jjaf231.1220","ecco-2026","PRESENTED_AT"
"jjaf231.1221","ecco-2026","PRESENTED_AT"
"jjaf231.1222","ecco-2026","PRESENTED_AT"
"jjaf231.1223","ecco-2026","PRESENTED_AT"
"jjaf231.1224","ecco-2026","PRESENTED_AT"
"jjaf231.1225","ecco-2026","PRESENTED_AT"
"jjaf231.1226","ecco-2026","PRESENTED_AT"
"jjaf231.1227","ecco-2026","PRESENTED_AT"
"jjaf231.1228","ecco-2026","PRESENTED_AT"
"jjaf231.1229","ecco-2026","PRESENTED_AT"
"jjaf231.1230","ecco-2026","PRESENTED_AT"
"jjaf231.1231","ecco-2026","PRESENTED_AT"
"jjaf231.1232","ecco-2026","PRESENTED_AT"
"jjaf231.1233","ecco-2026","PRESENTED_AT"
"jjaf231.1234","ecco-2026","PRESENTED_AT"
"jjaf231.1235","ecco-2026","PRESENTED_AT"
"jjaf231.1236","ecco-2026","PRESENTED_AT"
"jjaf231.1237","ecco-2026","PRESENTED_AT"
"jjaf231.1238","ecco-2026","PRESENTED_AT"
"jjaf231.1239","ecco-2026","PRESENTED_AT"
"jjaf231.1240","ecco-2026","PRESENTED_AT"
"jjaf231.1241","ecco-2026","PRESENTED_AT"
"jjaf231.1242","ecco-2026","PRESENTED_AT"
"jjaf231.1243","ecco-2026","PRESENTED_AT"
"jjaf231.1244","ecco-2026","PRESENTED_AT"
"jjaf231.1245","ecco-2026","PRESENTED_AT"
"jjaf231.1246","ecco-2026","PRESENTED_AT"
"jjaf231.1247","ecco-2026","PRESENTED_AT"
"jjaf231.1248","ecco-2026","PRESENTED_AT"
"jjaf231.1249","ecco-2026","PRESENTED_AT"
"jjaf231.1250","ecco-2026","PRESENTED_AT"
"jjaf231.1251","ecco-2026","PRESENTED_AT"
"jjaf231.1252","ecco-2026","PRESENTED_AT"
"jjaf231.1253","ecco-2026","PRESENTED_AT"
"jjaf231.1254","ecco-2026","PRESENTED_AT"
"jjaf231.1255","ecco-2026","PRESENTED_AT"
"jjaf231.1256","ecco-2026","PRESENTED_AT"
"jjaf231.1257","ecco-2026","PRESENTED_AT"
"jjaf231.1258","ecco-2026","PRESENTED_AT"
"jjaf231.1259","ecco-2026","PRESENTED_AT"
"jjaf231.1260","ecco-2026","PRESENTED_AT"
"jjaf231.1261","ecco-2026","PRESENTED_AT"
"jjaf231.1262","ecco-2026","PRESENTED_AT"
"jjaf231.1263","ecco-2026","PRESENTED_AT"
"jjaf231.1264","ecco-2026","PRESENTED_AT"
"jjaf231.1265","ecco-2026","PRESENTED_AT"
"jjaf231.1266","ecco-2026","PRESENTED_AT"
"jjaf231.1267","ecco-2026","PRESENTED_AT"
"jjaf231.1268","ecco-2026","PRESENTED_AT"
"jjaf231.1269","ecco-2026","PRESENTED_AT"
"jjaf231.1270","ecco-2026","PRESENTED_AT"
"jjaf231.1271","ecco-2026","PRESENTED_AT"
"jjaf231.1272","ecco-2026","PRESENTED_AT"
"jjaf231.1273","ecco-2026","PRESENTED_AT"
"jjaf231.1274","ecco-2026","PRESENTED_AT"
"jjaf231.1275","ecco-2026","PRESENTED_AT"
"jjaf231.1276","ecco-2026","PRESENTED_AT"
"jjaf231.1277","ecco-2026","PRESENTED_AT"
"jjaf231.1278","ecco-2026","PRESENTED_AT"
"jjaf231.1279","ecco-2026","PRESENTED_AT"
"jjaf231.1280","ecco-2026","PRESENTED_AT"
"jjaf231.1281","ecco-2026","PRESENTED_AT"
"jjaf231.1282","ecco-2026","PRESENTED_AT"
"jjaf231.1283","ecco-2026","PRESENTED_AT"
"jjaf231.1284","ecco-2026","PRESENTED_AT"
"jjaf231.1285","ecco-2026","PRESENTED_AT"
"jjaf231.1286","ecco-2026","PRESENTED_AT"
"jjaf231.1287","ecco-2026","PRESENTED_AT"
"jjaf231.1288","ecco-2026","PRESENTED_AT"
"jjaf231.1289","ecco-2026","PRESENTED_AT"
"jjaf231.1290","ecco-2026","PRESENTED_AT"
"jjaf231.1291","ecco-2026","PRESENTED_AT"
"jjaf231.1292","ecco-2026","PRESENTED_AT"
"jjaf231.1293","ecco-2026","PRESENTED_AT"
"jjaf231.1294","ecco-2026","PRESENTED_AT"
"jjaf231.1295","ecco-2026","PRESENTED_AT"
"jjaf231.1296","ecco-2026","PRESENTED_AT"
"jjaf231.1297","ecco-2026","PRESENTED_AT"
"jjaf231.1298","ecco-2026","PRESENTED_AT"
"jjaf231.1299","ecco-2026","PRESENTED_AT"
"jjaf231.1300","ecco-2026","PRESENTED_AT"
"jjaf231.1301","ecco-2026","PRESENTED_AT"
"jjaf231.1302","ecco-2026","PRESENTED_AT"
"jjaf231.1303","ecco-2026","PRESENTED_AT"
"jjaf231.1304","ecco-2026","PRESENTED_AT"
"jjaf231.1305","ecco-2026","PRESENTED_AT"
"jjaf231.1306","ecco-2026","PRESENTED_AT"
"jjaf231.1307","ecco-2026","PRESENTED_AT"
"jjaf231.1308","ecco-2026","PRESENTED_AT"
"jjaf231.1309","ecco-2026","PRESENTED_AT"
"jjaf231.1311","ecco-2026","PRESENTED_AT"
"jjaf231.1312","ecco-2026","PRESENTED_AT"
"jjaf231.1313","ecco-2026","PRESENTED_AT"
"jjaf231.1314","ecco-2026","PRESENTED_AT"
"jjaf231.1315","ecco-2026","PRESENTED_AT"
"jjaf231.1316","ecco-2026","PRESENTED_AT"
"jjaf231.1317","ecco-2026","PRESENTED_AT"
"jjaf231.1318","ecco-2026","PRESENTED_AT"
"jjaf231.1319","ecco-2026","PRESENTED_AT"
"jjaf231.1320","ecco-2026","PRESENTED_AT"
"jjaf231.1321","ecco-2026","PRESENTED_AT"
"jjaf231.1322","ecco-2026","PRESENTED_AT"
"jjaf231.1323","ecco-2026","PRESENTED_AT"
"jjaf231.1324","ecco-2026","PRESENTED_AT"
"jjaf231.1325","ecco-2026","PRESENTED_AT"
"jjaf231.1326","ecco-2026","PRESENTED_AT"
"jjaf231.1327","ecco-2026","PRESENTED_AT"
"jjaf231.1328","ecco-2026","PRESENTED_AT"
"jjaf231.1329","ecco-2026","PRESENTED_AT"
"jjaf231.1330","ecco-2026","PRESENTED_AT"
"jjaf231.1331","ecco-2026","PRESENTED_AT"
"jjaf231.1332","ecco-2026","PRESENTED_AT"
"jjaf231.1333","ecco-2026","PRESENTED_AT"
"jjaf231.1334","ecco-2026","PRESENTED_AT"
"jjaf231.1335","ecco-2026","PRESENTED_AT"
"jjaf231.1336","ecco-2026","PRESENTED_AT"
"jjaf231.1337","ecco-2026","PRESENTED_AT"
"jjaf231.1338","ecco-2026","PRESENTED_AT"
"jjaf231.1339","ecco-2026","PRESENTED_AT"
"jjaf231.1340","ecco-2026","PRESENTED_AT"
"jjaf231.1341","ecco-2026","PRESENTED_AT"
"jjaf231.1342","ecco-2026","PRESENTED_AT"
"jjaf231.1343","ecco-2026","PRESENTED_AT"
"jjaf231.1344","ecco-2026","PRESENTED_AT"
"jjaf231.1345","ecco-2026","PRESENTED_AT"
"jjaf231.1346","ecco-2026","PRESENTED_AT"
"jjaf231.1347","ecco-2026","PRESENTED_AT"
"jjaf231.1348","ecco-2026","PRESENTED_AT"
"jjaf231.1349","ecco-2026","PRESENTED_AT"
"jjaf231.1350","ecco-2026","PRESENTED_AT"
"jjaf231.1351","ecco-2026","PRESENTED_AT"
"jjaf231.1352","ecco-2026","PRESENTED_AT"
"jjaf231.1353","ecco-2026","PRESENTED_AT"
"jjaf231.1354","ecco-2026","PRESENTED_AT"
"jjaf231.1355","ecco-2026","PRESENTED_AT"
"jjaf231.1356","ecco-2026","PRESENTED_AT"
"jjaf231.1357","ecco-2026","PRESENTED_AT"
"jjaf231.1358","ecco-2026","PRESENTED_AT"
"jjaf231.1359","ecco-2026","PRESENTED_AT"
"jjaf231.1360","ecco-2026","PRESENTED_AT"
"jjaf231.1361","ecco-2026","PRESENTED_AT"
"jjaf231.1362","ecco-2026","PRESENTED_AT"
"jjaf231.1363","ecco-2026","PRESENTED_AT"
"jjaf231.1365","ecco-2026","PRESENTED_AT"
"jjaf231.1366","ecco-2026","PRESENTED_AT"
"jjaf231.1367","ecco-2026","PRESENTED_AT"
"jjaf231.1368","ecco-2026","PRESENTED_AT"
"jjaf231.1369","ecco-2026","PRESENTED_AT"
"jjaf231.1370","ecco-2026","PRESENTED_AT"
"jjaf231.1371","ecco-2026","PRESENTED_AT"
"jjaf231.1372","ecco-2026","PRESENTED_AT"
"jjaf231.1373","ecco-2026","PRESENTED_AT"
"jjaf231.1374","ecco-2026","PRESENTED_AT"
"jjaf231.1375","ecco-2026","PRESENTED_AT"
"jjaf231.1376","ecco-2026","PRESENTED_AT"
"jjaf231.1377","ecco-2026","PRESENTED_AT"
"jjaf231.1378","ecco-2026","PRESENTED_AT"
"jjaf231.1379","ecco-2026","PRESENTED_AT"
"jjaf231.1380","ecco-2026","PRESENTED_AT"
"jjaf231.1381","ecco-2026","PRESENTED_AT"
"jjaf231.1382","ecco-2026","PRESENTED_AT"
"jjaf231.1383","ecco-2026","PRESENTED_AT"
"jjaf231.1384","ecco-2026","PRESENTED_AT"
"jjaf231.1385","ecco-2026","PRESENTED_AT"
"jjaf231.1386","ecco-2026","PRESENTED_AT"
"jjaf231.1387","ecco-2026","PRESENTED_AT"
"jjaf231.1388","ecco-2026","PRESENTED_AT"
"jjaf231.1389","ecco-2026","PRESENTED_AT"
"jjaf231.1390","ecco-2026","PRESENTED_AT"
"jjaf231.1392","ecco-2026","PRESENTED_AT"
"jjaf231.1393","ecco-2026","PRESENTED_AT"
"jjaf231.1394","ecco-2026","PRESENTED_AT"
"jjaf231.1395","ecco-2026","PRESENTED_AT"
"jjaf231.1396","ecco-2026","PRESENTED_AT"
"jjaf231.1397","ecco-2026","PRESENTED_AT"
"jjaf231.1398","ecco-2026","PRESENTED_AT"
"jjaf231.1399","ecco-2026","PRESENTED_AT"
"jjaf231.1400","ecco-2026","PRESENTED_AT"
"jjaf231.1401","ecco-2026","PRESENTED_AT"
"jjaf231.1402","ecco-2026","PRESENTED_AT"
"jjaf231.1403","ecco-2026","PRESENTED_AT"
"jjaf231.1404","ecco-2026","PRESENTED_AT"
"jjaf231.1405","ecco-2026","PRESENTED_AT"
"jjaf231.1406","ecco-2026","PRESENTED_AT"
"jjaf231.1407","ecco-2026","PRESENTED_AT"
"jjaf231.1408","ecco-2026","PRESENTED_AT"
"jjaf231.1409","ecco-2026","PRESENTED_AT"
"jjaf231.1410","ecco-2026","PRESENTED_AT"
"jjaf231.1411","ecco-2026","PRESENTED_AT"
"jjaf231.1412","ecco-2026","PRESENTED_AT"
"jjaf231.1413","ecco-2026","PRESENTED_AT"
"jjaf231.1414","ecco-2026","PRESENTED_AT"
"jjaf231.1415","ecco-2026","PRESENTED_AT"
"jjaf231.1416","ecco-2026","PRESENTED_AT"
"jjaf231.1417","ecco-2026","PRESENTED_AT"
"jjaf231.1418","ecco-2026","PRESENTED_AT"
"jjaf231.1419","ecco-2026","PRESENTED_AT"
"jjaf231.1420","ecco-2026","PRESENTED_AT"
"jjaf231.1422","ecco-2026","PRESENTED_AT"
"jjaf231.1423","ecco-2026","PRESENTED_AT"
"jjaf231.1424","ecco-2026","PRESENTED_AT"
"jjaf231.1425","ecco-2026","PRESENTED_AT"
"jjaf231.1426","ecco-2026","PRESENTED_AT"
"jjaf231.1427","ecco-2026","PRESENTED_AT"
"jjaf231.1428","ecco-2026","PRESENTED_AT"
"jjaf231.1429","ecco-2026","PRESENTED_AT"
"jjaf231.1430","ecco-2026","PRESENTED_AT"
"jjaf231.1431","ecco-2026","PRESENTED_AT"
"jjaf231.1432","ecco-2026","PRESENTED_AT"
"jjaf231.1433","ecco-2026","PRESENTED_AT"
"jjaf231.1434","ecco-2026","PRESENTED_AT"
"jjaf231.1435","ecco-2026","PRESENTED_AT"
"jjaf231.1436","ecco-2026","PRESENTED_AT"
"jjaf231.1437","ecco-2026","PRESENTED_AT"
"jjaf231.1438","ecco-2026","PRESENTED_AT"
"jjaf231.1439","ecco-2026","PRESENTED_AT"
"jjaf231.1440","ecco-2026","PRESENTED_AT"
"jjaf231.1441","ecco-2026","PRESENTED_AT"
"jjaf231.1442","ecco-2026","PRESENTED_AT"
"jjaf231.1443","ecco-2026","PRESENTED_AT"
"jjaf231.1444","ecco-2026","PRESENTED_AT"
"jjaf231.1445","ecco-2026","PRESENTED_AT"
"jjaf231.1446","ecco-2026","PRESENTED_AT"
"jjaf231.1447","ecco-2026","PRESENTED_AT"
"jjaf231.1448","ecco-2026","PRESENTED_AT"
"jjaf231.1449","ecco-2026","PRESENTED_AT"
"jjaf231.1450","ecco-2026","PRESENTED_AT"
"jjaf231.1451","ecco-2026","PRESENTED_AT"
"jjaf231.1452","ecco-2026","PRESENTED_AT"
"jjaf231.1453","ecco-2026","PRESENTED_AT"
"jjaf231.1454","ecco-2026","PRESENTED_AT"
"jjaf231.1455","ecco-2026","PRESENTED_AT"
"jjaf231.1456","ecco-2026","PRESENTED_AT"
"jjaf231.1457","ecco-2026","PRESENTED_AT"
"jjaf231.1458","ecco-2026","PRESENTED_AT"
"jjaf231.1459","ecco-2026","PRESENTED_AT"
"jjaf231.1460","ecco-2026","PRESENTED_AT"
"jjaf231.1461","ecco-2026","PRESENTED_AT"
"jjaf231.1462","ecco-2026","PRESENTED_AT"
"jjaf231.1463","ecco-2026","PRESENTED_AT"
"jjaf231.1465","ecco-2026","PRESENTED_AT"
"jjaf231.1466","ecco-2026","PRESENTED_AT"
"jjaf231.1467","ecco-2026","PRESENTED_AT"
"jjaf231.1468","ecco-2026","PRESENTED_AT"
"jjaf231.1469","ecco-2026","PRESENTED_AT"
"jjaf231.1470","ecco-2026","PRESENTED_AT"
"jjaf231.1471","ecco-2026","PRESENTED_AT"
"jjaf231.1472","ecco-2026","PRESENTED_AT"
"jjaf231.1473","ecco-2026","PRESENTED_AT"
"jjaf231.1474","ecco-2026","PRESENTED_AT"
"jjaf231.1475","ecco-2026","PRESENTED_AT"
"jjaf231.1476","ecco-2026","PRESENTED_AT"
"jjaf231.1477","ecco-2026","PRESENTED_AT"
"jjaf231.1478","ecco-2026","PRESENTED_AT"
"jjaf231.1479","ecco-2026","PRESENTED_AT"
"jjaf231.1480","ecco-2026","PRESENTED_AT"
"jjaf231.1481","ecco-2026","PRESENTED_AT"
"jjaf231.1482","ecco-2026","PRESENTED_AT"
"jjaf231.1483","ecco-2026","PRESENTED_AT"
"jjaf231.1484","ecco-2026","PRESENTED_AT"
"jjaf231.1485","ecco-2026","PRESENTED_AT"
"jjaf231.1486","ecco-2026","PRESENTED_AT"
"jjaf231.1487","ecco-2026","PRESENTED_AT"
"jjaf231.1489","ecco-2026","PRESENTED_AT"
"jjaf231.1490","ecco-2026","PRESENTED_AT"
"jjaf231.1491","ecco-2026","PRESENTED_AT"
"jjaf231.1492","ecco-2026","PRESENTED_AT"
"jjaf231.1493","ecco-2026","PRESENTED_AT"
"jjaf231.1494","ecco-2026","PRESENTED_AT"
"jjaf231.1495","ecco-2026","PRESENTED_AT"
"jjaf231.1496","ecco-2026","PRESENTED_AT"
"jjaf231.1497","ecco-2026","PRESENTED_AT"
"jjaf231.1498","ecco-2026","PRESENTED_AT"
"jjaf231.1499","ecco-2026","PRESENTED_AT"
"jjaf231.1500","ecco-2026","PRESENTED_AT"
"jjaf231.1501","ecco-2026","PRESENTED_AT"
"jjaf231.1502","ecco-2026","PRESENTED_AT"
"jjaf231.1503","ecco-2026","PRESENTED_AT"
"jjaf231.1504","ecco-2026","PRESENTED_AT"
"jjaf231.1505","ecco-2026","PRESENTED_AT"
"jjaf231.1506","ecco-2026","PRESENTED_AT"
"jjaf231.1507","ecco-2026","PRESENTED_AT"
"jjaf231.1508","ecco-2026","PRESENTED_AT"
"jjaf231.1509","ecco-2026","PRESENTED_AT"
"jjaf231.1510","ecco-2026","PRESENTED_AT"
"jjaf231.1511","ecco-2026","PRESENTED_AT"
"jjaf231.1512","ecco-2026","PRESENTED_AT"
"jjaf231.1513","ecco-2026","PRESENTED_AT"
"jjaf231.1514","ecco-2026","PRESENTED_AT"
"jjaf231.1515","ecco-2026","PRESENTED_AT"
"jjaf231.1516","ecco-2026","PRESENTED_AT"
"jjaf231.1517","ecco-2026","PRESENTED_AT"
"jjaf231.1518","ecco-2026","PRESENTED_AT"
"jjaf231.1519","ecco-2026","PRESENTED_AT"
"jjaf231.1520","ecco-2026","PRESENTED_AT"
"jjaf231.1521","ecco-2026","PRESENTED_AT"
"jjaf231.1522","ecco-2026","PRESENTED_AT"
"jjaf231.1523","ecco-2026","PRESENTED_AT"
"jjaf231.1524","ecco-2026","PRESENTED_AT"
"jjaf231.1525","ecco-2026","PRESENTED_AT"
"jjaf231.1526","ecco-2026","PRESENTED_AT"
"jjaf231.1527","ecco-2026","PRESENTED_AT"
"jjaf231.1528","ecco-2026","PRESENTED_AT"
"jjaf231.1529","ecco-2026","PRESENTED_AT"
"jjaf231.1530","ecco-2026","PRESENTED_AT"
"jjaf231.1531","ecco-2026","PRESENTED_AT"
"jjaf231.1532","ecco-2026","PRESENTED_AT"
"jjaf231.1533","ecco-2026","PRESENTED_AT"
"jjaf231.1534","ecco-2026","PRESENTED_AT"
"jjaf231.1535","ecco-2026","PRESENTED_AT"
"jjaf231.1536","ecco-2026","PRESENTED_AT"
"jjaf231.1537","ecco-2026","PRESENTED_AT"
"jjaf231.1538","ecco-2026","PRESENTED_AT"
"jjaf231.1539","ecco-2026","PRESENTED_AT"
"jjaf231.1540","ecco-2026","PRESENTED_AT"
"jjaf231.1541","ecco-2026","PRESENTED_AT"
"jjaf231.1542","ecco-2026","PRESENTED_AT"
"jjaf231.1543","ecco-2026","PRESENTED_AT"
"jjaf231.1544","ecco-2026","PRESENTED_AT"
"jjaf231.1545","ecco-2026","PRESENTED_AT"
"jjaf231.1546","ecco-2026","PRESENTED_AT"
"jjaf231.1547","ecco-2026","PRESENTED_AT"
"jjaf231.1548","ecco-2026","PRESENTED_AT"
"jjaf231.1549","ecco-2026","PRESENTED_AT"
"jjaf231.1550","ecco-2026","PRESENTED_AT"
"jjaf231.1551","ecco-2026","PRESENTED_AT"
"jjaf231.1552","ecco-2026","PRESENTED_AT"
"jjaf231.1553","ecco-2026","PRESENTED_AT"
"jjaf231.1554","ecco-2026","PRESENTED_AT"
"jjaf231.1555","ecco-2026","PRESENTED_AT"
"jjaf231.1556","ecco-2026","PRESENTED_AT"
"jjaf231.1557","ecco-2026","PRESENTED_AT"
"jjaf231.1558","ecco-2026","PRESENTED_AT"
"jjaf231.1559","ecco-2026","PRESENTED_AT"
"jjaf231.1560","ecco-2026","PRESENTED_AT"
"jjaf231.1561","ecco-2026","PRESENTED_AT"
"jjaf231.1562","ecco-2026","PRESENTED_AT"
"jjaf231.1563","ecco-2026","PRESENTED_AT"
"jjaf231.1564","ecco-2026","PRESENTED_AT"
"jjaf231.1565","ecco-2026","PRESENTED_AT"
"jjaf231.1566","ecco-2026","PRESENTED_AT"
"jjaf231.1567","ecco-2026","PRESENTED_AT"
"jjaf231.1568","ecco-2026","PRESENTED_AT"
"jjaf231.1569","ecco-2026","PRESENTED_AT"
"jjaf231.1570","ecco-2026","PRESENTED_AT"
"jjaf231.1571","ecco-2026","PRESENTED_AT"
"jjaf231.1572","ecco-2026","PRESENTED_AT"
"jjaf231.1573","ecco-2026","PRESENTED_AT"
"jjaf231.1574","ecco-2026","PRESENTED_AT"
"jjaf231.1575","ecco-2026","PRESENTED_AT"
"jjaf231.1576","ecco-2026","PRESENTED_AT"
"jjaf231.1577","ecco-2026","PRESENTED_AT"
"jjaf231.1578","ecco-2026","PRESENTED_AT"
"jjaf231.1579","ecco-2026","PRESENTED_AT"
"jjaf231.1580","ecco-2026","PRESENTED_AT"
"jjaf231.1581","ecco-2026","PRESENTED_AT"
"jjaf231.1582","ecco-2026","PRESENTED_AT"
"jjaf231.1583","ecco-2026","PRESENTED_AT"
"jjaf231.1584","ecco-2026","PRESENTED_AT"
"jjaf231.1585","ecco-2026","PRESENTED_AT"
"jjaf231.1586","ecco-2026","PRESENTED_AT"
"jjaf231.1587","ecco-2026","PRESENTED_AT"
"jjaf231.1588","ecco-2026","PRESENTED_AT"
"jjaf231.1589","ecco-2026","PRESENTED_AT"
"jjaf231.1590","ecco-2026","PRESENTED_AT"
"jjaf231.1591","ecco-2026","PRESENTED_AT"
"jjaf231.1592","ecco-2026","PRESENTED_AT"
"jjaf231.1593","ecco-2026","PRESENTED_AT"
"jjaf231.1594","ecco-2026","PRESENTED_AT"
"jjaf231.1595","ecco-2026","PRESENTED_AT"
"jjaf231.1596","ecco-2026","PRESENTED_AT"
"jjaf231.1597","ecco-2026","PRESENTED_AT"
"jjaf231.1598","ecco-2026","PRESENTED_AT"
"jjaf231.1599","ecco-2026","PRESENTED_AT"
"jjaf231.1600","ecco-2026","PRESENTED_AT"
"jjaf231.1601","ecco-2026","PRESENTED_AT"
"jjaf231.1602","ecco-2026","PRESENTED_AT"
"jjaf231.1603","ecco-2026","PRESENTED_AT"
